股票池,开始,结束,总盈利,资金积数,折算利率%,测试时间,大势,买入条件,补仓条件,卖出条件,,,,
HS300.txt,20160101,20170108,146320.2638,245691906.3,21.73734457,20170108 18:13:26,(下跌行情6日均线低于60日均线)(上升行情6日均线高于60日均线),(下跌:连跌4天买入 收盘*1.02买)(上升:连跌5天买入) 收盘*1买,(下跌:连跌补仓1 无条件补仓0.84 最大仓位30000)(上升:连跌补仓0.95 无条件补仓0.84 最大仓位30000),(下跌:连涨2天且盈利1.01或止盈1.9卖出或止损0.74或超60天卖出 收盘*0.99卖)(上涨:连涨2天且盈利1或止盈1.3卖出或止损0.78或超60天卖出 收盘*1卖),,,,
股票池,开始,结束,总盈利,资金积数,折算利率%,测试时间,大势,买入条件,补仓条件,卖出条件,,,,
HS300.txt,20160101,20170117,169275.4087,264314441.8,23.37576554,20170117 21:20:12,(下跌行情6日均线低于60日均线)(上升行情6日均线高于60日均线),(下跌:连跌4天买入 收盘*1.02买)(上升:连跌5天买入) 收盘*1买,(下跌:连跌补仓1 无条件补仓0.84 最大仓位30000)(上升:连跌补仓0.95 无条件补仓0.84 最大仓位30000),(下跌:连涨2天且盈利1.01或止盈1.9卖出或止损0.74或超60天卖出 收盘*0.99卖)(上涨:连涨2天且盈利1或止盈1.3卖出或止损0.78或超60天卖出 收盘*1卖),,,,
股票池,开始,结束,总盈利,资金积数,折算利率%,测试时间,大势,买入条件,补仓条件,卖出条件,,,,
HS300.txt,20160101,20170217,364929.64,NaN,NaN,20170217 21:00:25,(下跌行情6日均线低于60日均线)(上升行情6日均线高于60日均线),(下跌:连跌4天买入 收盘*1.02买)(上升:连跌5天买入) 收盘*1买,(下跌:连跌补仓1 无条件补仓0.84 最大仓位30000)(上升:连跌补仓0.95 无条件补仓0.84 最大仓位30000),(下跌:连涨2天且盈利1.01或止盈1.9卖出或止损0.74或超60天卖出 收盘*0.99卖)(上涨:连涨2天且盈利1或止盈1.3卖出或止损0.78或超60天卖出 收盘*1卖),,,,
股票池,开始,结束,总盈利,资金积数,折算利率%,测试时间,大势,买入条件,补仓条件,卖出条件,,,,
HS300.txt,20160101,20170217,307417.8588,2249699979,4.987665887,20170217 21:10:49,(下跌行情6日均线低于60日均线)(上升行情6日均线高于60日均线),(下跌:连跌4天买入 收盘*1.02买)(上升:连跌5天买入) 收盘*1买,(下跌:连跌补仓1 无条件补仓0.84 最大仓位30000)(上升:连跌补仓0.95 无条件补仓0.84 最大仓位30000),(下跌:连涨2天且盈利1.01或止盈1.9卖出或止损0.74或超60天卖出 收盘*0.99卖)(上涨:连涨2天且盈利1或止盈1.3卖出或止损0.78或超60天卖出 收盘*1卖),,,,
股票池,开始,结束,总盈利,资金积数,折算利率%,测试时间,大势,买入条件,补仓条件,卖出条件,,,,
HS300.txt,20160101,20170217,104431.395,1771024415,2.1522831,20170217 21:17:05,(下跌行情6日均线低于60日均线)(上升行情6日均线高于60日均线),(下跌:连跌4天买入 收盘*1.02买)(上升:连跌5天买入) 收盘*1买,(下跌:连跌补仓1 无条件补仓0.84 最大仓位30000)(上升:连跌补仓0.95 无条件补仓0.84 最大仓位30000),(下跌:连涨2天且盈利1.01或止盈1.9卖出或止损0.74或超60天卖出 收盘*0.99卖)(上涨:连涨2天且盈利1或止盈1.3卖出或止损0.78或超60天卖出 收盘*1卖),,,,
股票池,开始,结束,总盈利,资金积数,折算利率%,测试时间,大势,买入条件,补仓条件,卖出条件,,,,
HS300.txt,20160101,20170217,170887.2475,1146479114,5.440469396,20170217 21:19:07,(下跌行情6日均线低于60日均线)(上升行情6日均线高于60日均线),(下跌:连跌4天买入 收盘*1.02买)(上升:连跌5天买入) 收盘*1买,(下跌:连跌补仓0.9 无条件补仓0.8 最大仓位30000)(上升:连跌补仓0.95 无条件补仓0.84 最大仓位30000),(下跌:连涨2天且盈利1.01或止盈1.9卖出或止损0.74或超60天卖出 收盘*0.99卖)(上涨:连涨2天且盈利1或止盈1.3卖出或止损0.78或超60天卖出 收盘*1卖),,,,
股票池,开始,结束,总盈利,资金积数,折算利率%,测试时间,大势,买入条件,补仓条件,卖出条件,,,,
HS300.txt,20160101,20170217,229306.2188,1319705268,6.342080451,20170217 21:21:27,(下跌行情6日均线低于60日均线)(上升行情6日均线高于60日均线),(下跌:连跌4天买入 收盘*1.02买)(上升:连跌5天买入) 收盘*1买,(下跌:连跌补仓0.9 无条件补仓0.8 最大仓位30000)(上升:连跌补仓0.95 无条件补仓0.84 最大仓位30000),(下跌:连涨2天且盈利1.01或止盈1.9卖出或止损0.74或超100天卖出 收盘*0.99卖)(上涨:连涨2天且盈利1或止盈1.3卖出或止损0.78或超60天卖出 收盘*1卖),,,,
股票池,开始,结束,总盈利,资金积数,折算利率%,测试时间,大势,买入条件,补仓条件,卖出条件,,,,
HS300.txt,20160101,20170218,0,0,NaN,20170218 11:59:25,(下跌行情6日均线低于60日均线)(上升行情6日均线高于60日均线),(下跌:连跌4天买入 收盘*1.02买)(上升:连跌5天买入) 收盘*1买,(下跌:连跌补仓1 无条件补仓0.84 最大仓位30000)(上升:连跌补仓0.95 无条件补仓0.84 最大仓位30000),(下跌:连涨2天且盈利1.01或止盈1.9卖出或止损0.74或超60天卖出 收盘*0.99卖)(上涨:连涨2天且盈利1或止盈1.3卖出或止损0.78或超60天卖出 收盘*1卖),,,,
股票池,开始,结束,总盈利,资金积数,折算利率%,测试时间,大势,买入条件,补仓条件,卖出条件,,,,
HS300.txt,20160101,20170218,289336.5938,979251939.9,10.78454404,20170218 12:02:00,(下跌行情6日均线低于60日均线)(上升行情6日均线高于60日均线),(下跌:连跌4天买入 收盘*1.02买)(上升:连跌5天买入) 收盘*1买,(下跌:连跌补仓1 无条件补仓0.84 最大仓位30000)(上升:连跌补仓0.95 无条件补仓0.84 最大仓位30000),(下跌:连涨2天且盈利1.01或止盈1.9卖出或止损0.74或超60天卖出 收盘*0.99卖)(上涨:连涨2天且盈利1或止盈1.3卖出或止损0.78或超60天卖出 收盘*1卖),,,,
股票池,开始,结束,总盈利,资金积数,折算利率%,测试时间,大势,买入条件,补仓条件,卖出条件,,,,
HS300.txt,20160101,20170218,240007.2975,444668231.8,19.70067959,20170218 12:08:58,(下跌行情6日均线低于60日均线)(上升行情6日均线高于60日均线),(下跌:连跌4天买入 收盘*1.02买)(上升:连跌5天买入) 收盘*1买,(下跌:连跌补仓1 无条件补仓0.84 最大仓位30000)(上升:连跌补仓0.95 无条件补仓0.84 最大仓位30000),(下跌:连涨2天且盈利1.01或止盈1.9卖出或止损0.74或超60天卖出 收盘*0.99卖)(上涨:连涨2天且盈利1或止盈1.3卖出或止损0.78或超60天卖出 收盘*1卖),,,,
股票池,开始,结束,总盈利,资金积数,折算利率%,测试时间,大势,买入条件,补仓条件,卖出条件,,,,
HS300.txt,20160101,20170218,242298.4775,419254917.4,21.09431294,20170218 12:56:52,(下跌行情6日均线低于60日均线)(上升行情6日均线高于60日均线),(下跌:连跌4天买入 收盘*1.02买)(上升:连跌5天买入) 收盘*1买,(下跌:连跌补仓1 无条件补仓0.84 最大仓位30000)(上升:连跌补仓0.95 无条件补仓0.84 最大仓位30000),(下跌:连涨2天且盈利1.01或止盈1.9卖出或止损0.74或超60天卖出 收盘*0.99卖)(上涨:连涨2天且盈利1或止盈1.3卖出或止损0.78或超60天卖出 收盘*1卖),,,,
股票池,开始,结束,总盈利,资金积数,折算利率%,测试时间,大势,买入条件,补仓条件,卖出条件,,,,
HS300.txt,20160101,20170218,157351.515,271962143.9,21.11812407,20170218 13:07:50,(下跌行情6日均线低于60日均线)(上升行情6日均线高于60日均线),(下跌:连跌4天买入 收盘*1.02买)(上升:连跌5天买入) 收盘*1买,(下跌:连跌补仓0.9 无条件补仓0.8 最大仓位30000)(上升:连跌补仓0.95 无条件补仓0.8 最大仓位30000),(下跌:连涨2天且盈利1.01或止盈1.9卖出或止损0.74或超60天卖出 收盘*0.99卖)(上涨:连涨2天且盈利1或止盈1.3卖出或止损0.78或超60天卖出 收盘*1卖),,,,
股票池,开始,结束,总盈利,资金积数,折算利率%,测试时间,大势,买入条件,补仓条件,卖出条件,,,,
HS300.txt,20160101,20170218,157351.515,271962143.9,21.11812407,20170218 13:09:04,(下跌行情6日均线低于60日均线)(上升行情6日均线高于60日均线),(下跌:连跌4天买入 收盘*1.02买)(上升:连跌5天买入) 收盘*1买,(下跌:连跌补仓0.9 无条件补仓0.8 最大仓位30000)(上升:连跌补仓0.95 无条件补仓0.8 最大仓位30000),(下跌:连涨3天且盈利1.01或止盈1.9卖出或止损0.74或超60天卖出 收盘*0.99卖)(上涨:连涨2天且盈利1或止盈1.3卖出或止损0.78或超60天卖出 收盘*1卖),,,,
股票池,开始,结束,总盈利,资金积数,折算利率%,测试时间,大势,买入条件,补仓条件,卖出条件,,,,
HS300.txt,20160101,20170218,166204.4087,455639234.3,13.31417591,20170218 13:11:20,(下跌行情6日均线低于60日均线)(上升行情6日均线高于60日均线),(下跌:连跌4天买入 收盘*1.02买)(上升:连跌5天买入) 收盘*1买,(下跌:连跌补仓0.9 无条件补仓0.8 最大仓位30000)(上升:连跌补仓0.95 无条件补仓0.8 最大仓位30000),(下跌:连涨2天且盈利1.01或止盈1.9卖出或止损0.74或超60天卖出 收盘*0.99卖)(上涨:连涨2天且盈利1或止盈1.3卖出或止损0.78或超60天卖出 收盘*1卖),,,,
股票池,开始,结束,总盈利,资金积数,折算利率%,测试时间,大势,买入条件,补仓条件,卖出条件,,,,
HS300.txt,20160101,20170218,257182.3275,585920001.9,16.0212229,20170218 13:11:56,(下跌行情6日均线低于60日均线)(上升行情6日均线高于60日均线),(下跌:连跌4天买入 收盘*1.02买)(上升:连跌5天买入) 收盘*1买,(下跌:连跌补仓0.9 无条件补仓0.8 最大仓位30000)(上升:连跌补仓0.95 无条件补仓0.8 最大仓位30000),(下跌:连涨3天且盈利1.01或止盈1.9卖出或止损0.74或超60天卖出 收盘*0.99卖)(上涨:连涨2天且盈利1或止盈1.3卖出或止损0.78或超60天卖出 收盘*1卖),,,,
股票池,开始,结束,总盈利,资金积数,折算利率%,测试时间,大势,买入条件,补仓条件,卖出条件,,,,
HS300.txt,20160101,20170218,157351.515,271962143.9,21.11812407,20170218 13:13:22,(下跌行情6日均线低于60日均线)(上升行情6日均线高于60日均线),(下跌:连跌5天买入 收盘*1.02买)(上升:连跌5天买入) 收盘*1买,(下跌:连跌补仓0.9 无条件补仓0.8 最大仓位30000)(上升:连跌补仓0.95 无条件补仓0.8 最大仓位30000),(下跌:连涨4天且盈利1.01或止盈1.9卖出或止损0.74或超60天卖出 收盘*0.99卖)(上涨:连涨2天且盈利1或止盈1.3卖出或止损0.78或超60天卖出 收盘*1卖),,,,
股票池,开始,结束,总盈利,资金积数,折算利率%,测试时间,大势,买入条件,补仓条件,卖出条件,,,,
HS300.txt,20160101,20170218,257182.3275,585920001.9,16.0212229,20170218 15:43:09,(下跌行情6日均线低于60日均线)(上升行情6日均线高于60日均线),(下跌:连跌4天买入 收盘*1.02买)(上升:连跌5天买入) 收盘*1买,(下跌:连跌补仓0.9 无条件补仓0.8 最大仓位30000)(上升:连跌补仓0.95 无条件补仓0.8 最大仓位30000),(下跌:连涨3天且盈利1.01或止盈1.9卖出或止损0.74或超60天卖出 收盘*0.99卖)(上涨:连涨2天且盈利1或止盈1.3卖出或止损0.78或超60天卖出 收盘*1卖),,,,
股票池,开始,结束,总盈利,资金积数,折算利率%,测试时间,大势,买入条件,补仓条件,卖出条件,,,,
HS300.txt,20160101,20170218,571962.3825,909965516,22.94221769,20170218 15:44:07,(下跌行情6日均线低于60日均线)(上升行情6日均线高于60日均线),(下跌:连跌3天买入 收盘*1.02买)(上升:连跌5天买入) 收盘*1买,(下跌:连跌补仓0.9 无条件补仓0.8 最大仓位30000)(上升:连跌补仓0.95 无条件补仓0.8 最大仓位30000),(下跌:连涨2天且盈利1.01或止盈1.9卖出或止损0.74或超60天卖出 收盘*0.99卖)(上涨:连涨2天且盈利1或止盈1.3卖出或止损0.78或超60天卖出 收盘*1卖),,,,
股票池,开始,结束,总盈利,资金积数,折算利率%,测试时间,大势,买入条件,补仓条件,卖出条件,,,,
HS300.txt,20160101,20170218,259757.7438,450277684.4,21.0562459,20170218 15:51:31,(下跌行情6日均线低于60日均线)(上升行情6日均线高于60日均线),(下跌:连跌3天买入 收盘*1.02买)(上升:连跌5天买入) 收盘*1买,(下跌:连跌补仓0.9 无条件补仓0.8 最大仓位30000)(上升:连跌补仓0.95 无条件补仓0.8 最大仓位30000),(下跌:连涨2天且盈利0.9或止盈1.9卖出或止损0.74或超60天卖出 收盘*0.99卖)(上涨:连涨2天且盈利1或止盈1.3卖出或止损0.78或超60天卖出 收盘*1卖),,,,
股票池,开始,结束,总盈利,资金积数,折算利率%,测试时间,大势,买入条件,补仓条件,卖出条件,,,,
HS300.txt,20160101,20170218,206087.3112,538048034.7,13.98051173,20170218 16:03:18,(下跌行情6日均线低于60日均线)(上升行情6日均线高于60日均线),(下跌:连跌4天买入 收盘*1.02买)(上升:连跌5天买入) 收盘*1买,(下跌:连跌补仓0.9 无条件补仓0.8 最大仓位30000)(上升:连跌补仓0.95 无条件补仓0.8 最大仓位30000),(下跌:连涨2天且盈利1.01或止盈1.9卖出或止损0.74或超60天卖出 收盘*0.99卖)(上涨:连涨2天且盈利1或止盈1.3卖出或止损0.78或超60天卖出 收盘*1卖),,,,
股票池,开始,结束,总盈利,资金积数,折算利率%,测试时间,大势,买入条件,补仓条件,卖出条件,,,,
HS300.txt,20160101,20170218,621013.4412,972140419.6,23.31658076,20170218 16:06:40,(下跌行情6日均线低于60日均线)(上升行情6日均线高于60日均线),(下跌:连跌3天买入 收盘*1.02买)(上升:连跌5天买入) 收盘*1买,(下跌:连跌补仓0.9 无条件补仓0.8 最大仓位30000)(上升:连跌补仓0.95 无条件补仓0.8 最大仓位30000),(下跌:连涨2天且盈利1.01或止盈1.9卖出或止损0.74或超60天卖出 收盘*0.99卖)(上涨:连涨2天且盈利1或止盈1.3卖出或止损0.78或超60天卖出 收盘*1卖),,,,
股票池,开始,结束,总盈利,资金积数,折算利率%,测试时间,大势,买入条件,补仓条件,卖出条件,,,,
HS300.txt,20160101,20170218,298479.1013,667742854,16.31539316,20170218 16:11:10,(下跌行情6日均线低于60日均线)(上升行情6日均线高于60日均线),(下跌:连跌4天买入 收盘*1.02买)(上升:连跌5天买入) 收盘*1买,(下跌:连跌补仓0.9 无条件补仓0.8 最大仓位30000)(上升:连跌补仓0.95 无条件补仓0.8 最大仓位30000),(下跌:连涨3天且盈利1.01或止盈1.9卖出或止损0.74或超60天卖出 收盘*0.99卖)(上涨:连涨2天且盈利1或止盈1.3卖出或止损0.78或超60天卖出 收盘*1卖),,,,
股票池,开始,结束,总盈利,资金积数,折算利率%,测试时间,大势,买入条件,补仓条件,卖出条件,,,,
HS300.txt,20160101,20170218,206087.3112,538048034.7,13.98051173,20170218 16:11:34,(下跌行情6日均线低于60日均线)(上升行情6日均线高于60日均线),(下跌:连跌4天买入 收盘*1.02买)(上升:连跌5天买入) 收盘*1买,(下跌:连跌补仓0.9 无条件补仓0.8 最大仓位30000)(上升:连跌补仓0.95 无条件补仓0.8 最大仓位30000),(下跌:连涨2天且盈利1.01或止盈1.9卖出或止损0.74或超60天卖出 收盘*0.99卖)(上涨:连涨2天且盈利1或止盈1.3卖出或止损0.78或超60天卖出 收盘*1卖),,,,
股票池,开始,结束,总盈利,资金积数,折算利率%,测试时间,大势,买入条件,补仓条件,卖出条件,,,,
HS300.txt,20160101,20170218,621013.4412,972140419.6,23.31658076,20170218 16:12:09,(下跌行情6日均线低于60日均线)(上升行情6日均线高于60日均线),(下跌:连跌3天买入 收盘*1.02买)(上升:连跌5天买入) 收盘*1买,(下跌:连跌补仓0.9 无条件补仓0.8 最大仓位30000)(上升:连跌补仓0.95 无条件补仓0.8 最大仓位30000),(下跌:连涨2天且盈利1.01或止盈1.9卖出或止损0.74或超60天卖出 收盘*0.99卖)(上涨:连涨2天且盈利1或止盈1.3卖出或止损0.78或超60天卖出 收盘*1卖),,跌3天买，涨2天卖,,升幅0当作升
股票池,开始,结束,总盈利,资金积数,折算利率%,测试时间,大势,买入条件,补仓条件,卖出条件,,,,
HS300.txt,20160101,20170218,723793.8587,1206211476,21.90202662,20170218 16:12:36,(下跌行情6日均线低于60日均线)(上升行情6日均线高于60日均线),(下跌:连跌3天买入 收盘*1.02买)(上升:连跌5天买入) 收盘*1买,(下跌:连跌补仓0.9 无条件补仓0.8 最大仓位30000)(上升:连跌补仓0.95 无条件补仓0.8 最大仓位30000),(下跌:连涨3天且盈利1.01或止盈1.9卖出或止损0.74或超60天卖出 收盘*0.99卖)(上涨:连涨2天且盈利1或止盈1.3卖出或止损0.78或超60天卖出 收盘*1卖),,跌3天买，涨3天卖,,升幅0当作升
股票池,开始,结束,总盈利,资金积数,折算利率%,测试时间,大势,买入条件,补仓条件,卖出条件,,,,
HS300.txt,20160101,20170218,700496.5237,1204246038,21.23164397,20170218 16:21:42,(下跌行情6日均线低于60日均线)(上升行情6日均线高于60日均线),(下跌:连跌3天买入 收盘*1.02买)(上升:连跌5天买入) 收盘*1买,(下跌:连跌补仓0.9 无条件补仓0.8 最大仓位30000)(上升:连跌补仓0.95 无条件补仓0.8 最大仓位30000),(下跌:连涨3天且盈利1或止盈1.9卖出或止损0.74或超60天卖出 收盘*0.99卖)(上涨:连涨2天且盈利1或止盈1.3卖出或止损0.78或超60天卖出 收盘*1卖),,,,
股票池,开始,结束,总盈利,资金积数,折算利率%,测试时间,大势,买入条件,补仓条件,卖出条件,,,,
HS300.txt,20160101,20170218,677492.3787,1129624984,21.89086836,20170218 16:49:13,(下跌行情6日均线低于60日均线)(上升行情6日均线高于60日均线),(下跌:连跌3天买入 收盘*1.02买)(上升:连跌5天买入) 收盘*1买,(下跌:连跌补仓0.9 无条件补仓0.8 最大仓位30000)(上升:连跌补仓0.95 无条件补仓0.8 最大仓位30000),(下跌:连涨2天且盈利1.01或止盈1.9卖出或止损0.74或超60天卖出 收盘*0.99卖)(上涨:连涨2天且盈利1或止盈1.3卖出或止损0.78或超60天卖出 收盘*1卖),,跌3天买，涨2天卖,,升幅0当作跌
股票池,开始,结束,总盈利,资金积数,折算利率%,测试时间,大势,买入条件,补仓条件,卖出条件,,,,
HS300.txt,20160101,20170218,781845.3,1384322049,20.61467812,20170218 16:52:42,(下跌行情6日均线低于60日均线)(上升行情6日均线高于60日均线),(下跌:连跌3天买入 收盘*1.02买)(上升:连跌5天买入) 收盘*1买,(下跌:连跌补仓0.9 无条件补仓0.8 最大仓位30000)(上升:连跌补仓0.95 无条件补仓0.8 最大仓位30000),(下跌:连涨3天且盈利1.01或止盈1.9卖出或止损0.74或超60天卖出 收盘*0.99卖)(上涨:连涨2天且盈利1或止盈1.3卖出或止损0.78或超60天卖出 收盘*1卖),,跌3天买，涨3天卖,,升幅0当作跌
股票池,开始,结束,总盈利,资金积数,折算利率%,测试时间,大势,买入条件,补仓条件,卖出条件,,,,
HS300.txt,20160101,20170218,382741.2875,842000280.7,16.59151109,20170218 16:57:21,(下跌行情6日均线低于60日均线)(上升行情6日均线高于60日均线),(下跌:连跌4天买入 收盘*1.02买)(上升:连跌5天买入) 收盘*1买,(下跌:连跌补仓0.9 无条件补仓0.8 最大仓位30000)(上升:连跌补仓0.95 无条件补仓0.8 最大仓位30000),(下跌:连涨3天且盈利1.01或止盈1.9卖出或止损0.74或超60天卖出 收盘*0.99卖)(上涨:连涨2天且盈利1或止盈1.3卖出或止损0.78或超60天卖出 收盘*1卖),,跌4天买，涨3天卖,,升幅0当作跌
股票池,开始,结束,总盈利,资金积数,折算利率%,测试时间,大势,买入条件,补仓条件,卖出条件,,,,
HS300.txt,20160101,20170218,266156.305,672218634.4,14.4517046,20170218 16:58:31,(下跌行情6日均线低于60日均线)(上升行情6日均线高于60日均线),(下跌:连跌4天买入 收盘*1.02买)(上升:连跌5天买入) 收盘*1买,(下跌:连跌补仓0.9 无条件补仓0.8 最大仓位30000)(上升:连跌补仓0.95 无条件补仓0.8 最大仓位30000),(下跌:连涨2天且盈利1.01或止盈1.9卖出或止损0.74或超60天卖出 收盘*0.99卖)(上涨:连涨2天且盈利1或止盈1.3卖出或止损0.78或超60天卖出 收盘*1卖),,跌4天买，涨2天卖,,升幅0当作跌
股票池,开始,结束,总盈利,资金积数,折算利率%,测试时间,大势,买入条件,补仓条件,卖出条件,,,,
HS300.txt,20160101,20170218,781845.3,1384322049,20.61467812,20170218 17:00:28,(下跌行情6日均线低于60日均线)(上升行情6日均线高于60日均线),(下跌:连跌3天买入 收盘*1.02买)(上升:连跌5天买入) 收盘*1买,(下跌:连跌补仓0.9 无条件补仓0.8 最大仓位30000)(上升:连跌补仓0.95 无条件补仓0.8 最大仓位30000),(下跌:连涨3天且盈利1.01或止盈1.9卖出或止损0.74或超60天卖出 收盘*0.99卖)(上涨:连涨2天且盈利1或止盈1.3卖出或止损0.78或超60天卖出 收盘*1卖),,,,
股票池,开始,结束,总盈利,资金积数,折算利率%,测试时间,大势,买入条件,补仓条件,卖出条件,,,,
HS300.txt,20160101,20170218,486922.2563,541349490.8,32.83029292,20170218 17:18:16,(下跌行情6日均线低于60日均线)(上升行情6日均线高于60日均线),(下跌:连跌3天买入 收盘*1.02买)(上升:连跌5天买入) 收盘*1买,(下跌:连跌补仓0.9 无条件补仓0.8 最大仓位30000)(上升:连跌补仓0.95 无条件补仓0.8 最大仓位30000),(下跌:连涨2天且盈利1.01或止盈1.9卖出或止损0.74或超60天卖出 收盘*0.99卖)(上涨:连涨2天且盈利1或止盈1.3卖出或止损0.78或超60天卖出 收盘*1卖),,,,
股票池,开始,结束,总盈利,资金积数,折算利率%,测试时间,大势,买入条件,补仓条件,卖出条件,,,,
HS300.txt,20160101,20170218,583868.8588,642738272,33.15690736,20170218 17:19:13,(下跌行情6日均线低于60日均线)(上升行情6日均线高于60日均线),(下跌:连跌3天买入 收盘*1.02买)(上升:连跌5天买入) 收盘*1买,(下跌:连跌补仓0.9 无条件补仓0.8 最大仓位30000)(上升:连跌补仓0.95 无条件补仓0.8 最大仓位30000),(下跌:连涨3天且盈利1.01或止盈1.9卖出或止损0.74或超60天卖出 收盘*0.99卖)(上涨:连涨2天且盈利1或止盈1.3卖出或止损0.78或超60天卖出 收盘*1卖),,,,
股票池,开始,结束,总盈利,资金积数,折算利率%,测试时间,大势,买入条件,补仓条件,卖出条件,,,,
HS300.txt,20160101,20170218,486922.2563,541349490.8,32.83029292,20170218 18:51:04,(下跌行情6日均线低于60日均线)(上升行情6日均线高于60日均线),(下跌:连跌3天买入 收盘*1.02买)(上升:连跌5天买入) 收盘*1买,(下跌:连跌补仓0.9 无条件补仓0.8 最大仓位30000)(上升:连跌补仓0.95 无条件补仓0.8 最大仓位30000),(下跌:连涨2天且盈利1.01或止盈1.9卖出或止损0.74或超60天卖出 收盘*0.99卖)(上涨:连涨2天且盈利1或止盈1.3卖出或止损0.78或超60天卖出 收盘*1卖),,,,
股票池,开始,结束,总盈利,资金积数,折算利率%,测试时间,大势,买入条件,补仓条件,卖出条件,,,,
HS300.txt,20160101,20170227,528617.3725,628827026.6,30.68337282,20170227 20:38:57,(下跌行情6日均线低于60日均线)(上升行情6日均线高于60日均线),(下跌:连跌3天买入 收盘*1.02买)(上升:连跌5天买入) 收盘*1买,(下跌:连跌补仓0.9 无条件补仓0.8 最大仓位30000)(上升:连跌补仓0.95 无条件补仓0.8 最大仓位30000),(下跌:连涨2天且盈利1.01或止盈1.9卖出或止损0.74或超60天卖出 收盘*0.99卖)(上涨:连涨2天且盈利1或止盈1.3卖出或止损0.78或超60天卖出 收盘*1卖),,,,
股票池,开始,结束,总盈利,资金积数,折算利率%,测试时间,大势,买入条件,补仓条件,卖出条件,,,,
HS300.txt,20160101,20170410,528617.3725,628827026.6,30.68337282,20170410 22:59:35,(下跌行情6日均线低于60日均线)(上升行情6日均线高于60日均线),(下跌:连跌3天买入 收盘*1.02买)(上升:连跌5天买入) 收盘*1买,(下跌:连跌补仓0.9 无条件补仓0.8 最大仓位30000)(上升:连跌补仓0.95 无条件补仓0.8 最大仓位30000),(下跌:连涨2天且盈利1.01或止盈1.9卖出或止损0.74或超60天卖出 收盘*0.99卖)(上涨:连涨2天且盈利1或止盈1.3卖出或止损0.78或超60天卖出 收盘*1卖),,,,
股票池,开始,结束,总盈利,资金积数,折算利率%,测试时间,大势,买入条件,补仓条件,卖出条件,,,,
HS300.txt,20170101,20170410,34060.67,46611011.26,26.67211934,20170410 23:00:28,(下跌行情6日均线低于60日均线)(上升行情6日均线高于60日均线),(下跌:连跌3天买入 收盘*1.02买)(上升:连跌5天买入) 收盘*1买,(下跌:连跌补仓0.9 无条件补仓0.8 最大仓位30000)(上升:连跌补仓0.95 无条件补仓0.8 最大仓位30000),(下跌:连涨2天且盈利1.01或止盈1.9卖出或止损0.74或超60天卖出 收盘*0.99卖)(上涨:连涨2天且盈利1或止盈1.3卖出或止损0.78或超60天卖出 收盘*1卖),,,,
股票池,开始,结束,总盈利,资金积数,折算利率%,测试时间,大势,买入条件,补仓条件,卖出条件,,,,
HS300.txt,20160101,20170410,372501.7325,587385660.4,23.14716574,20170410 23:02:33,(下跌行情6日均线低于60日均线)(上升行情6日均线高于60日均线),(下跌:连跌4天买入 收盘*1.02买)(上升:连跌5天买入) 收盘*1买,(下跌:连跌补仓0.9 无条件补仓0.8 最大仓位30000)(上升:连跌补仓0.95 无条件补仓0.8 最大仓位30000),(下跌:连涨3天且盈利1.01或止盈1.9卖出或止损0.74或超60天卖出 收盘*0.99卖)(上涨:连涨3天且盈利1或止盈1.3卖出或止损0.78或超60天卖出 收盘*1卖),,,,
股票池,开始,结束,总盈利,资金积数,折算利率%,测试时间,大势,买入条件,补仓条件,卖出条件,,,,
HS300.txt,20170101,20170410,45772.7825,45234396.55,36.93442798,20170410 23:03:17,(下跌行情6日均线低于60日均线)(上升行情6日均线高于60日均线),(下跌:连跌4天买入 收盘*1.02买)(上升:连跌4天买入) 收盘*1买,(下跌:连跌补仓0.9 无条件补仓0.8 最大仓位30000)(上升:连跌补仓0.95 无条件补仓0.8 最大仓位30000),(下跌:连涨3天且盈利1.01或止盈1.9卖出或止损0.74或超60天卖出 收盘*0.99卖)(上涨:连涨3天且盈利1或止盈1.3卖出或止损0.78或超60天卖出 收盘*1卖),,,,
股票池,开始,结束,总盈利,资金积数,折算利率%,测试时间,大势,买入条件,补仓条件,卖出条件,,,,
HS300.txt,20160101,20170410,446548.0225,797559293.2,20.43610169,20170410 23:06:32,(下跌行情6日均线低于60日均线)(上升行情6日均线高于60日均线),(下跌:连跌4天买入 收盘*1.02买)(上升:连跌4天买入) 收盘*1买,(下跌:连跌补仓0.9 无条件补仓0.8 最大仓位30000)(上升:连跌补仓0.95 无条件补仓0.8 最大仓位30000),(下跌:连涨3天且盈利1.01或止盈1.9卖出或止损0.74或超60天卖出 收盘*0.99卖)(上涨:连涨3天且盈利1或止盈1.3卖出或止损0.78或超60天卖出 收盘*1卖),,,,
股票池,开始,结束,总盈利,资金积数,折算利率%,测试时间,大势,买入条件,补仓条件,卖出条件,,,,
HS300.txt,20160101,20170412,534159.4725,702237865.9,27.76384142,20170412 23:23:55,(下跌行情6日均线低于60日均线)(上升行情6日均线高于60日均线),(下跌:连跌3天买入 收盘*1.02买)(上升:连跌5天买入) 收盘*1买,(下跌:连跌补仓0.9 无条件补仓0.8 最大仓位30000)(上升:连跌补仓0.95 无条件补仓0.8 最大仓位30000),(下跌:连涨2天且盈利1.01或止盈1.9卖出或止损0.74或超60天卖出 收盘*0.99卖)(上涨:连涨2天且盈利1或止盈1.3卖出或止损0.78或超60天卖出 收盘*1卖),,,,
股票池,开始,结束,总盈利,资金积数,折算利率%,测试时间,大势,买入条件,补仓条件,卖出条件,,,,
HS300.txt,20160101,20170412,534159.4725,702237865.9,27.76384142,20170412 23:35:41,(下跌行情6日均线低于60日均线)(上升行情6日均线高于60日均线),(下跌:连跌3天买入 收盘*1.02买)(上升:连跌5天买入) 收盘*1买,(下跌:连跌补仓0.9 无条件补仓0.8 最大仓位30000)(上升:连跌补仓0.95 无条件补仓0.8 最大仓位30000),(下跌:连涨2天且盈利1.01或止盈1.9卖出或止损0.74或超60天卖出 收盘*0.99卖)(上涨:连涨2天且盈利1或止盈1.3卖出或止损0.78或超60天卖出 收盘*1卖),,,,
股票池,开始,结束,总盈利,资金积数,折算利率%,测试时间,大势,买入条件,补仓条件,卖出条件,,,,
HS300.txt,20160101,20170412,534159.4725,702237865.9,27.76384142,20170412 23:37:25,(下跌行情6日均线低于60日均线)(上升行情6日均线高于60日均线),(下跌:连跌3天买入 收盘*1.02买)(上升:连跌5天买入) 收盘*1买,(下跌:连跌补仓0.9 无条件补仓0.8 最大仓位30000)(上升:连跌补仓0.95 无条件补仓0.8 最大仓位30000),(下跌:连涨2天且盈利1.01或止盈1.9卖出或止损0.74或超60天卖出 收盘*0.99卖)(上涨:连涨2天且盈利1或止盈1.3卖出或止损0.78或超60天卖出 收盘*1卖),,,,
股票池,开始,结束,总盈利,资金积数,折算利率%,测试时间,大势,买入条件,补仓条件,卖出条件,,,,
HS300.txt,20160101,20170421,471302.2588,713353250.5,24.11502637,20170421 7:03:49,(下跌行情6日均线低于60日均线)(上升行情6日均线高于60日均线),(下跌:连跌3天买入 收盘*1.02买)(上升:连跌5天买入) 收盘*1买,(下跌:连跌补仓0.9 无条件补仓0.8 最大仓位30000)(上升:连跌补仓0.95 无条件补仓0.8 最大仓位30000),(下跌:连涨2天且盈利1.01或止盈1.9卖出或止损0.74或超60天卖出 收盘*0.99卖)(上涨:连涨2天且盈利1或止盈1.3卖出或止损0.78或超60天卖出 收盘*1卖),,,,
股票池,开始,结束,总盈利,资金积数,折算利率%,测试时间,大势,买入条件,补仓条件,卖出条件,,,,
HS300.txt,20160101,20170504,427555.2888,748479246.3,20.84996761,20170504 6:59:55,(下跌行情6日均线低于60日均线)(上升行情6日均线高于60日均线),(下跌:连跌3天买入 收盘*1.02买)(上升:连跌5天买入) 收盘*1买,(下跌:连跌补仓0.9 无条件补仓0.8 最大仓位30000)(上升:连跌补仓0.95 无条件补仓0.8 最大仓位30000),(下跌:连涨2天且盈利1.01或止盈1.9卖出或止损0.74或超60天卖出 收盘*0.99卖)(上涨:连涨2天且盈利1或止盈1.3卖出或止损0.78或超60天卖出 收盘*1卖),,,,
股票池,开始,结束,总盈利,资金积数,折算利率%,测试时间,大势,买入条件,补仓条件,卖出条件,,,,
HS300.txt,20160101,20170518,344278.5963,786295940.5,15.98147481,20170518 7:02:27,(下跌行情6日均线低于60日均线)(上升行情6日均线高于60日均线),(下跌:连跌3天买入 收盘*1.02买)(上升:连跌5天买入) 收盘*1买,(下跌:连跌补仓0.9 无条件补仓0.8 最大仓位30000)(上升:连跌补仓0.95 无条件补仓0.8 最大仓位30000),(下跌:连涨2天且盈利1.01或止盈1.9卖出或止损0.74或超60天卖出 收盘*0.99卖)(上涨:连涨2天且盈利1或止盈1.3卖出或止损0.78或超60天卖出 收盘*1卖),,,,
股票池,开始,结束,总盈利,资金积数,折算利率%,测试时间,大势,买入条件,补仓条件,卖出条件,,,,
HS300.txt,20160101,20170523,294352.4075,808324570.6,13.29152084,20170523 6:54:15,(下跌行情6日均线低于60日均线)(上升行情6日均线高于60日均线),(下跌:连跌3天买入 收盘*1.02买)(上升:连跌5天买入) 收盘*1买,(下跌:连跌补仓0.9 无条件补仓0.8 最大仓位30000)(上升:连跌补仓0.95 无条件补仓0.8 最大仓位30000),(下跌:连涨2天且盈利1.01或止盈1.9卖出或止损0.74或超60天卖出 收盘*0.99卖)(上涨:连涨2天且盈利1或止盈1.3卖出或止损0.78或超60天卖出 收盘*1卖),,,,
股票池,开始,结束,总盈利,资金积数,折算利率%,测试时间,大势,买入条件,补仓条件,卖出条件,,,,
HS300.txt,20160101,20170523,124473.1275,1567315285,2.898758914,20170523 6:55:41,(下跌行情6日均线低于60日均线)(上升行情6日均线高于60日均线),(下跌:连跌1天买入 收盘*1.02买)(上升:连跌5天买入) 收盘*1买,(下跌:连跌补仓0.9 无条件补仓0.8 最大仓位30000)(上升:连跌补仓0.95 无条件补仓0.8 最大仓位30000),(下跌:连涨1天且盈利1.01或止盈1.9卖出或止损0.74或超60天卖出 收盘*0.99卖)(上涨:连涨2天且盈利1或止盈1.3卖出或止损0.78或超60天卖出 收盘*1卖),,,,
股票池,开始,结束,总盈利,资金积数,折算利率%,测试时间,大势,买入条件,补仓条件,卖出条件,,,,
HS300.txt,20160101,20170523,177183.415,1585697725,4.078453633,20170523 6:55:54,(下跌行情6日均线低于60日均线)(上升行情6日均线高于60日均线),(下跌:连跌1天买入 收盘*1.02买)(上升:连跌5天买入) 收盘*1买,(下跌:连跌补仓0.9 无条件补仓0.8 最大仓位30000)(上升:连跌补仓0.95 无条件补仓0.8 最大仓位30000),(下跌:连涨2天且盈利1.01或止盈1.9卖出或止损0.74或超60天卖出 收盘*0.99卖)(上涨:连涨2天且盈利1或止盈1.3卖出或止损0.78或超60天卖出 收盘*1卖),,,,
股票池,开始,结束,总盈利,资金积数,折算利率%,测试时间,大势,买入条件,补仓条件,卖出条件,,,,
HS300.txt,20160101,20170523,147127.9075,1623756519,3.307249924,20170523 6:56:04,(下跌行情6日均线低于60日均线)(上升行情6日均线高于60日均线),(下跌:连跌1天买入 收盘*1.02买)(上升:连跌5天买入) 收盘*1买,(下跌:连跌补仓0.9 无条件补仓0.8 最大仓位30000)(上升:连跌补仓0.95 无条件补仓0.8 最大仓位30000),(下跌:连涨3天且盈利1.01或止盈1.9卖出或止损0.74或超60天卖出 收盘*0.99卖)(上涨:连涨2天且盈利1或止盈1.3卖出或止损0.78或超60天卖出 收盘*1卖),,,,
股票池,开始,结束,总盈利,资金积数,折算利率%,测试时间,大势,买入条件,补仓条件,卖出条件,,,,
HS300.txt,20160101,20170523,202850.3375,1562012523,4.740062713,20170523 6:56:14,(下跌行情6日均线低于60日均线)(上升行情6日均线高于60日均线),(下跌:连跌1天买入 收盘*1.02买)(上升:连跌5天买入) 收盘*1买,(下跌:连跌补仓0.9 无条件补仓0.8 最大仓位30000)(上升:连跌补仓0.95 无条件补仓0.8 最大仓位30000),(下跌:连涨4天且盈利1.01或止盈1.9卖出或止损0.74或超60天卖出 收盘*0.99卖)(上涨:连涨2天且盈利1或止盈1.3卖出或止损0.78或超60天卖出 收盘*1卖),,,,
股票池,开始,结束,总盈利,资金积数,折算利率%,测试时间,大势,买入条件,补仓条件,卖出条件,,,,
HS300.txt,20160101,20170523,212895.0325,1521475176,5.107325319,20170523 6:56:24,(下跌行情6日均线低于60日均线)(上升行情6日均线高于60日均线),(下跌:连跌1天买入 收盘*1.02买)(上升:连跌5天买入) 收盘*1买,(下跌:连跌补仓0.9 无条件补仓0.8 最大仓位30000)(上升:连跌补仓0.95 无条件补仓0.8 最大仓位30000),(下跌:连涨5天且盈利1.01或止盈1.9卖出或止损0.74或超60天卖出 收盘*0.99卖)(上涨:连涨2天且盈利1或止盈1.3卖出或止损0.78或超60天卖出 收盘*1卖),,,,
股票池,开始,结束,总盈利,资金积数,折算利率%,测试时间,大势,买入条件,补仓条件,卖出条件,,,,
HS300.txt,20160101,20170523,223307.025,1516500182,5.374682121,20170523 6:56:33,(下跌行情6日均线低于60日均线)(上升行情6日均线高于60日均线),(下跌:连跌1天买入 收盘*1.02买)(上升:连跌5天买入) 收盘*1买,(下跌:连跌补仓0.9 无条件补仓0.8 最大仓位30000)(上升:连跌补仓0.95 无条件补仓0.8 最大仓位30000),(下跌:连涨6天且盈利1.01或止盈1.9卖出或止损0.74或超60天卖出 收盘*0.99卖)(上涨:连涨2天且盈利1或止盈1.3卖出或止损0.78或超60天卖出 收盘*1卖),,,,
股票池,开始,结束,总盈利,资金积数,折算利率%,测试时间,大势,买入条件,补仓条件,卖出条件,,,,
HS300.txt,20160101,20170523,230783.5238,1503759602,5.601692322,20170523 6:56:43,(下跌行情6日均线低于60日均线)(上升行情6日均线高于60日均线),(下跌:连跌1天买入 收盘*1.02买)(上升:连跌5天买入) 收盘*1买,(下跌:连跌补仓0.9 无条件补仓0.8 最大仓位30000)(上升:连跌补仓0.95 无条件补仓0.8 最大仓位30000),(下跌:连涨7天且盈利1.01或止盈1.9卖出或止损0.74或超60天卖出 收盘*0.99卖)(上涨:连涨2天且盈利1或止盈1.3卖出或止损0.78或超60天卖出 收盘*1卖),,,,
股票池,开始,结束,总盈利,资金积数,折算利率%,测试时间,大势,买入条件,补仓条件,卖出条件,,,,
HS300.txt,20160101,20170523,221463.7013,1501433528,5.383804841,20170523 6:56:53,(下跌行情6日均线低于60日均线)(上升行情6日均线高于60日均线),(下跌:连跌1天买入 收盘*1.02买)(上升:连跌5天买入) 收盘*1买,(下跌:连跌补仓0.9 无条件补仓0.8 最大仓位30000)(上升:连跌补仓0.95 无条件补仓0.8 最大仓位30000),(下跌:连涨8天且盈利1.01或止盈1.9卖出或止损0.74或超60天卖出 收盘*0.99卖)(上涨:连涨2天且盈利1或止盈1.3卖出或止损0.78或超60天卖出 收盘*1卖),,,,
股票池,开始,结束,总盈利,资金积数,折算利率%,测试时间,大势,买入条件,补仓条件,卖出条件,,,,
HS300.txt,20160101,20170523,221690.8775,1497347987,5.404032397,20170523 6:57:02,(下跌行情6日均线低于60日均线)(上升行情6日均线高于60日均线),(下跌:连跌1天买入 收盘*1.02买)(上升:连跌5天买入) 收盘*1买,(下跌:连跌补仓0.9 无条件补仓0.8 最大仓位30000)(上升:连跌补仓0.95 无条件补仓0.8 最大仓位30000),(下跌:连涨9天且盈利1.01或止盈1.9卖出或止损0.74或超60天卖出 收盘*0.99卖)(上涨:连涨2天且盈利1或止盈1.3卖出或止损0.78或超60天卖出 收盘*1卖),,,,
股票池,开始,结束,总盈利,资金积数,折算利率%,测试时间,大势,买入条件,补仓条件,卖出条件,,,,
HS300.txt,20160101,20170523,255222.7513,1094043994,8.514859068,20170523 6:57:11,(下跌行情6日均线低于60日均线)(上升行情6日均线高于60日均线),(下跌:连跌2天买入 收盘*1.02买)(上升:连跌5天买入) 收盘*1买,(下跌:连跌补仓0.9 无条件补仓0.8 最大仓位30000)(上升:连跌补仓0.95 无条件补仓0.8 最大仓位30000),(下跌:连涨1天且盈利1.01或止盈1.9卖出或止损0.74或超60天卖出 收盘*0.99卖)(上涨:连涨2天且盈利1或止盈1.3卖出或止损0.78或超60天卖出 收盘*1卖),,,,
股票池,开始,结束,总盈利,资金积数,折算利率%,测试时间,大势,买入条件,补仓条件,卖出条件,,,,
HS300.txt,20160101,20170523,284530.805,1191935240,8.71303577,20170523 6:57:22,(下跌行情6日均线低于60日均线)(上升行情6日均线高于60日均线),(下跌:连跌2天买入 收盘*1.02买)(上升:连跌5天买入) 收盘*1买,(下跌:连跌补仓0.9 无条件补仓0.8 最大仓位30000)(上升:连跌补仓0.95 无条件补仓0.8 最大仓位30000),(下跌:连涨2天且盈利1.01或止盈1.9卖出或止损0.74或超60天卖出 收盘*0.99卖)(上涨:连涨2天且盈利1或止盈1.3卖出或止损0.78或超60天卖出 收盘*1卖),,,,
股票池,开始,结束,总盈利,资金积数,折算利率%,测试时间,大势,买入条件,补仓条件,卖出条件,,,,
HS300.txt,20160101,20170524,259654.67,814626316.7,11.63404037,20170524 23:15:11,(下跌行情6日均线低于60日均线)(上升行情6日均线高于60日均线),(下跌:连跌3天买入 收盘*1.02买)(上升:连跌5天买入) 收盘*1买,(下跌:连跌补仓0.9 无条件补仓0.8 最大仓位30000)(上升:连跌补仓0.95 无条件补仓0.8 最大仓位30000),(下跌:连涨2天且盈利1.01或止盈1.9卖出或止损0.74或超60天卖出 收盘*0.99卖)(上涨:连涨2天且盈利1或止盈1.3卖出或止损0.78或超60天卖出 收盘*1卖),,,,
股票池,开始,结束,总盈利,资金积数,折算利率%,测试时间,大势,买入条件,补仓条件,卖出条件,,,,
HS300.txt,20160101,20170525,0,0,NaN,20170525 22:31:29,(下跌行情6日均线低于60日均线)(上升行情6日均线高于60日均线),(下跌:连跌3天买入 收盘*1.02买)(上升:连跌5天买入) 收盘*1买,(下跌:连跌补仓0.9 无条件补仓0.8 最大仓位30000)(上升:连跌补仓0.95 无条件补仓0.8 最大仓位30000),(下跌:连涨2天且盈利1.01或止盈1.9卖出或止损0.74或超60天卖出 收盘*0.99卖)(上涨:连涨2天且盈利1或止盈1.3卖出或止损0.78或超60天卖出 收盘*1卖),,,,
股票池,开始,结束,总盈利,资金积数,折算利率%,测试时间,大势,买入条件,补仓条件,卖出条件,,,,
HS300.txt,20160101,20161231,455675.2275,518046072.5,32.10553402,20170525 22:33:25,(下跌行情6日均线低于60日均线)(上升行情6日均线高于60日均线),(下跌:连跌3天买入 收盘*1.02买)(上升:连跌5天买入) 收盘*1买,(下跌:连跌补仓0.9 无条件补仓0.8 最大仓位30000)(上升:连跌补仓0.95 无条件补仓0.8 最大仓位30000),(下跌:连涨2天且盈利1.01或止盈1.9卖出或止损0.74或超60天卖出 收盘*0.99卖)(上涨:连涨2天且盈利1或止盈1.3卖出或止损0.78或超60天卖出 收盘*1卖),,,,
股票池,开始,结束,总盈利,资金积数,折算利率%,测试时间,大势,买入条件,补仓条件,卖出条件,,,,
HS300.txt,20160101,20170227,532231.5738,624673598.6,31.09856489,20170525 22:35:27,(下跌行情6日均线低于60日均线)(上升行情6日均线高于60日均线),(下跌:连跌3天买入 收盘*1.02买)(上升:连跌5天买入) 收盘*1买,(下跌:连跌补仓0.9 无条件补仓0.8 最大仓位30000)(上升:连跌补仓0.95 无条件补仓0.8 最大仓位30000),(下跌:连涨2天且盈利1.01或止盈1.9卖出或止损0.74或超60天卖出 收盘*0.99卖)(上涨:连涨2天且盈利1或止盈1.3卖出或止损0.78或超60天卖出 收盘*1卖),,,,
股票池,开始,结束,总盈利,资金积数,折算利率%,测试时间,大势,买入条件,补仓条件,卖出条件,,,,
HS300.txt,20160101,20170525,318354.2788,817645724.1,14.21144981,20170525 22:36:47,(下跌行情6日均线低于60日均线)(上升行情6日均线高于60日均线),(下跌:连跌3天买入 收盘*1.02买)(上升:连跌5天买入) 收盘*1买,(下跌:连跌补仓0.9 无条件补仓0.8 最大仓位30000)(上升:连跌补仓0.95 无条件补仓0.8 最大仓位30000),(下跌:连涨2天且盈利1.01或止盈1.9卖出或止损0.74或超60天卖出 收盘*0.99卖)(上涨:连涨2天且盈利1或止盈1.3卖出或止损0.78或超60天卖出 收盘*1卖),,,,
股票池,开始,结束,总盈利,资金积数,折算利率%,测试时间,大势,买入条件,补仓条件,卖出条件,,,,
HS300.txt,20170201,20170525,-176081.6525,144857102.9,-44.36772646,20170525 22:37:39,(下跌行情6日均线低于60日均线)(上升行情6日均线高于60日均线),(下跌:连跌3天买入 收盘*1.02买)(上升:连跌5天买入) 收盘*1买,(下跌:连跌补仓0.9 无条件补仓0.8 最大仓位30000)(上升:连跌补仓0.95 无条件补仓0.8 最大仓位30000),(下跌:连涨2天且盈利1.01或止盈1.9卖出或止损0.74或超60天卖出 收盘*0.99卖)(上涨:连涨2天且盈利1或止盈1.3卖出或止损0.78或超60天卖出 收盘*1卖),,,,
股票池,开始,结束,总盈利,资金积数,折算利率%,测试时间,大势,买入条件,补仓条件,卖出条件,,,,
HS300.txt,20170201,20170525,-150780.7513,176199700.4,-31.23443121,20170525 22:39:21,(下跌行情6日均线低于60日均线)(上升行情6日均线高于60日均线),(下跌:连跌4天买入 收盘*1.02买)(上升:连跌4天买入) 收盘*1买,(下跌:连跌补仓0.9 无条件补仓0.8 最大仓位30000)(上升:连跌补仓0.95 无条件补仓0.8 最大仓位30000),(下跌:连涨3天且盈利1.01或止盈1.9卖出或止损0.74或超60天卖出 收盘*0.99卖)(上涨:连涨3天且盈利1或止盈1.3卖出或止损0.78或超60天卖出 收盘*1卖),,,,
股票池,开始,结束,总盈利,资金积数,折算利率%,测试时间,大势,买入条件,补仓条件,卖出条件,,,,
HS300.txt,20170201,20170525,-113164.0238,135996689,-30.37196639,20170525 22:40:04,(下跌行情6日均线低于60日均线)(上升行情6日均线高于60日均线),(下跌:连跌4天买入 收盘*1.02买)(上升:连跌4天买入) 收盘*1买,(下跌:连跌补仓0.9 无条件补仓0.8 最大仓位30000)(上升:连跌补仓0.95 无条件补仓0.8 最大仓位30000),(下跌:连涨2天且盈利1.01或止盈1.9卖出或止损0.74或超60天卖出 收盘*0.99卖)(上涨:连涨2天且盈利1或止盈1.3卖出或止损0.78或超60天卖出 收盘*1卖),,,,
股票池,开始,结束,总盈利,资金积数,折算利率%,测试时间,大势,买入条件,补仓条件,卖出条件,,,,
HS300.txt,20170201,20170525,-72791.155,106309170.5,-24.99198466,20170525 22:41:05,(下跌行情6日均线低于60日均线)(上升行情6日均线高于60日均线),(下跌:连跌5天买入 收盘*1.02买)(上升:连跌4天买入) 收盘*1买,(下跌:连跌补仓0.9 无条件补仓0.8 最大仓位30000)(上升:连跌补仓0.95 无条件补仓0.8 最大仓位30000),(下跌:连涨2天且盈利1.01或止盈1.9卖出或止损0.74或超60天卖出 收盘*0.99卖)(上涨:连涨2天且盈利1或止盈1.3卖出或止损0.78或超60天卖出 收盘*1卖),,,,
股票池,开始,结束,总盈利,资金积数,折算利率%,测试时间,大势,买入条件,补仓条件,卖出条件,,,,
HS300.txt,20160101,20160608,467218.6812,602227314.1,28.31735039,20170525 22:42:30,(下跌行情5日均线低于60日均线)(上升行情5日均线高于60日均线),(下跌:连跌3天买入 收盘*1买)(上升:连跌3天买入) 收盘*1买,(下跌:连跌补仓0.95 无条件补仓0.8 最大仓位50000)(上升:连跌补仓0.95 无条件补仓0.8 最大仓位50000),(下跌:连涨2天且盈利1.01或止盈1.9卖出或止损0.7或超60天卖出 收盘*1.01卖)(上涨:连涨2天且盈利1.01或止盈1.9卖出或止损0.7或超60天卖出 收盘*1.01卖),,,,
股票池,开始,结束,总盈利,资金积数,折算利率%,测试时间,大势,买入条件,补仓条件,卖出条件,,,,
HS300.txt,20170101,20170525,-274020.6263,472656359.4,-21.16072842,20170525 22:43:19,(下跌行情5日均线低于60日均线)(上升行情5日均线高于60日均线),(下跌:连跌3天买入 收盘*1买)(上升:连跌3天买入) 收盘*1买,(下跌:连跌补仓0.95 无条件补仓0.8 最大仓位50000)(上升:连跌补仓0.95 无条件补仓0.8 最大仓位50000),(下跌:连涨2天且盈利1.01或止盈1.9卖出或止损0.7或超60天卖出 收盘*1.01卖)(上涨:连涨2天且盈利1.01或止盈1.9卖出或止损0.7或超60天卖出 收盘*1.01卖),,,,
股票池,开始,结束,总盈利,资金积数,折算利率%,测试时间,大势,买入条件,补仓条件,卖出条件,,,,
HS300.txt,20160101,20170526,313264.7113,821006916.6,13.92699834,20170526 21:09:11,(下跌行情6日均线低于60日均线)(上升行情6日均线高于60日均线),(下跌:连跌3天买入 收盘*1.02买)(上升:连跌5天买入) 收盘*1买,(下跌:连跌补仓0.9 无条件补仓0.8 最大仓位30000)(上升:连跌补仓0.95 无条件补仓0.8 最大仓位30000),(下跌:连涨2天且盈利1.01或止盈1.9卖出或止损0.74或超60天卖出 收盘*0.99卖)(上涨:连涨2天且盈利1或止盈1.3卖出或止损0.78或超60天卖出 收盘*1卖),,,,
股票池,开始,结束,总盈利,资金积数,折算利率%,测试时间,大势,买入条件,补仓条件,卖出条件,,,,
HS300.txt,20160101,20170526,206249.8125,784733141.5,9.593220622,20170526 21:10:17,(下跌行情6日均线低于60日均线)(上升行情6日均线高于60日均线),(下跌:连跌3天买入 收盘*1.02买)(上升:连跌5天买入) 收盘*1买,(下跌:连跌补仓0.9 无条件补仓0.8 最大仓位30000)(上升:连跌补仓0.95 无条件补仓0.8 最大仓位30000),(下跌:连涨2天且盈利1.01或止盈1.9卖出或止损0.74或超60天卖出 收盘*0.99卖)(上涨:连涨2天且盈利1或止盈1.3卖出或止损0.78或超60天卖出 收盘*1卖),,,,
股票池,开始,结束,总盈利,资金积数,折算利率%,测试时间,大势,买入条件,补仓条件,卖出条件,,,,
HS300.txt,20160101,20170526,206249.8125,784733141.5,9.593220622,20170526 22:37:11,(下跌行情6日均线低于60日均线)(上升行情6日均线高于60日均线),(下跌:连跌3天买入 收盘*1.02买)(上升:连跌5天买入) 收盘*1买,(下跌:连跌补仓0.9 无条件补仓0.8 最大仓位30000)(上升:连跌补仓0.95 无条件补仓0.8 最大仓位30000),(下跌:连涨2天且盈利1.01或止盈1.9卖出或止损0.74或超60天卖出 收盘*0.99卖)(上涨:连涨2天且盈利1或止盈1.3卖出或止损0.78或超60天卖出 收盘*1卖),,,,
股票池,开始,结束,总盈利,资金积数,折算利率%,测试时间,大势,买入条件,补仓条件,卖出条件,,,,
HS300.txt,20160101,20170526,206249.8125,784733141.5,9.593220622,20170526 22:41:30,(下跌行情6日均线低于60日均线)(上升行情6日均线高于60日均线),(下跌:连跌3天买入 收盘*1.02买)(上升:连跌5天买入) 收盘*1买,(下跌:连跌补仓0.9 无条件补仓0.8 最大仓位30000)(上升:连跌补仓0.95 无条件补仓0.8 最大仓位30000),(下跌:连涨2天且盈利1.01或止盈1.9卖出或止损0.74或超60天卖出 收盘*0.99卖)(上涨:连涨2天且盈利1或止盈1.3卖出或止损0.78或超60天卖出 收盘*1卖),,,,
股票池,开始,结束,总盈利,资金积数,折算利率%,测试时间,大势,买入条件,补仓条件,卖出条件,,,,
HS300.txt,20160101,20170529,313264.7113,821006916.6,13.92699834,20170529 19:58:32,(下跌行情6日均线低于60日均线)(上升行情6日均线高于60日均线),(下跌:连跌3天买入 收盘*1.02买)(上升:连跌5天买入) 收盘*1买,(下跌:连跌补仓0.9 无条件补仓0.8 最大仓位30000)(上升:连跌补仓0.95 无条件补仓0.8 最大仓位30000),(下跌:连涨2天且盈利1.01或止盈1.9卖出或止损0.74或超60天卖出 收盘*0.99卖)(上涨:连涨2天且盈利1或止盈1.3卖出或止损0.78或超60天卖出 收盘*1卖),,,,
股票池,开始,结束,总盈利,资金积数,折算利率%,测试时间,大势,买入条件,补仓条件,卖出条件,,,,
HS300.txt,20160101,20170529,313264.7113,821006916.6,13.92699834,20170529 20:00:24,(下跌行情6日均线低于60日均线)(上升行情6日均线高于60日均线),(下跌:连跌3天买入 收盘*1.02买)(上升:连跌5天买入) 收盘*1买,(下跌:连跌补仓0.9 无条件补仓0.8 最大仓位30000)(上升:连跌补仓0.95 无条件补仓0.8 最大仓位30000),(下跌:连涨2天且盈利1.01或止盈1.9卖出或止损0.74或超60天卖出 收盘*0.99卖)(上涨:连涨2天且盈利1或止盈1.3卖出或止损0.78或超60天卖出 收盘*1卖),,,,
股票池,开始,结束,总盈利,资金积数,折算利率%,测试时间,大势,买入条件,补仓条件,卖出条件,,,,
HS300.txt,20160101,20170529,167948.6813,2676984851,2.289937077,20170529 20:14:24,(下跌行情6日均线低于60日均线)(上升行情6日均线高于60日均线),(下跌:连跌3天买入 收盘*1.02买)(上升:连跌5天买入) 收盘*1买,(下跌:连跌补仓0.9 无条件补仓0.8 最大仓位30000)(上升:连跌补仓0.95 无条件补仓0.8 最大仓位30000),(下跌:连涨2天且盈利1.01或止盈1.9卖出或止损0.74或超60天卖出 收盘*0.99卖)(上涨:连涨2天且盈利1或止盈1.3卖出或止损0.78或超60天卖出 收盘*1卖),,,,
股票池,开始,结束,总盈利,资金积数,折算利率%,测试时间,大势,买入条件,补仓条件,卖出条件,,,,
HS300.txt,20160101,20170603,167948.6813,2676984851,2.289937077,20170603 7:29:10,(下跌行情6日均线低于60日均线)(上升行情6日均线高于60日均线),(下跌:连跌3天买入 收盘*1.02买)(上升:连跌5天买入) 收盘*1买,(下跌:连跌补仓0.9 无条件补仓0.8 最大仓位30000)(上升:连跌补仓0.95 无条件补仓0.8 最大仓位30000),(下跌:连涨2天且盈利1.01或止盈1.9卖出或止损0.74或超60天卖出 收盘*0.99卖)(上涨:连涨2天且盈利1或止盈1.3卖出或止损0.78或超60天卖出 收盘*1卖),,,,
股票池,开始,结束,总盈利,资金积数,折算利率%,测试时间,大势,买入条件,补仓条件,卖出条件,,,,
HS300.txt,20160101,20170603,167948.6813,2676984851,2.289937077,20170603 7:41:58,(下跌行情6日均线低于60日均线)(上升行情6日均线高于60日均线),(下跌:连跌3天买入 收盘*1.02买)(上升:连跌5天买入) 收盘*1买,(下跌:连跌补仓0.9 无条件补仓0.8 最大仓位30000)(上升:连跌补仓0.95 无条件补仓0.8 最大仓位30000),(下跌:连涨2天且盈利1.01或止盈1.9卖出或止损0.74或超60天卖出 收盘*0.99卖)(上涨:连涨2天且盈利1或止盈1.3卖出或止损0.78或超60天卖出 收盘*1卖),,,,
股票池,开始,结束,总盈利,资金积数,折算利率%,测试时间,大势,买入条件,补仓条件,卖出条件,buysell,,,
HS300.txt,20160101,20170604,-33785.315,1520165753,-0.811203644,20170604 11:48:47,(下跌行情6日均线低于60日均线)(上升行情6日均线高于60日均线),(下跌:连跌3天买入 收盘*1.02买)(上升:连跌5天买入) 收盘*1买,(下跌:连跌补仓0.9 无条件补仓0.8 最大仓位30000)(上升:连跌补仓0.95 无条件补仓0.8 最大仓位30000),(下跌:连涨2天且盈利1.01或止盈1.9卖出或止损0.74或超60天卖出 收盘*0.99卖)(上涨:连涨2天且盈利1或止盈1.3卖出或止损0.78或超60天卖出 收盘*1卖),"function buysell_KDJ() {
	if ( -cost < maxcost && (sumvol==0 || -cost/sumvol*rebuyrate>ref(close1,0)) ) { //未满仓且低于补仓价
		if (KDJ.J() < 0 ) {
			buyIt();
			//if(ref(date1,0)>=20151231 ) confirm(""buyIt ""+ref(date1,0)+"" price=""+buyprice+"" K=""+KDJ.K()+ "" D=""+KDJ.D()+"" J=""+KDJ.J());
		}
	}
	if ( sumvol>0 && ( ref(close1,0)*sumvol > -cost * minprofit || datediff(ref(date1,0),datebak) > maxdays )) {
		if ( KDJ.J() > 100 ) sellIt();
	}
	//if(ref(date1,0)>20151231 ) confirm(""every ""+ref(date1,0)+"" K=""+KDJ.K()+ "" D=""+KDJ.D()+"" J=""+KDJ.J()+"" cost=""+cost+"" sumvol=""+sumvol+ ""rebuyrate=""+ rebuyrate+"" buyprice=""+buyprice);
}",,,
股票池,开始,结束,总盈利,资金积数,折算利率%,测试时间,大势,买入条件,补仓条件,卖出条件,buysell,,,
HS300.txt,20160101,20170604,0,0,NaN,20170604 20:53:56,(下跌行情6日均线低于60日均线)(上升行情6日均线高于60日均线),(下跌:连跌3天买入 收盘*1.02买)(上升:连跌5天买入) 收盘*1买,(下跌:连跌补仓0.9 无条件补仓0.8 最大仓位30000)(上升:连跌补仓0.95 无条件补仓0.8 最大仓位30000),(下跌:连涨2天且盈利1.01或止盈1.9卖出或止损0.74或超60天卖出 收盘*0.99卖)(上涨:连涨2天且盈利1或止盈1.3卖出或止损0.78或超60天卖出 收盘*1卖),"function buysell_downup3() {
	if (down>=3 && -cost<maxcost && ref(close1,0) < -cost/sumvol*rebuyrate) buyIt();
	if (up>=3 && ref(close1,0)>-cost/sumvol) sellIt; 
}",,,
股票池,开始,结束,总盈利,资金积数,折算利率%,测试时间,大势,买入条件,补仓条件,卖出条件,buysell,,,
HS300.txt,20160101,20170604,0,0,NaN,20170604 20:56:12,(下跌行情6日均线低于60日均线)(上升行情6日均线高于60日均线),(下跌:连跌3天买入 收盘*1.02买)(上升:连跌5天买入) 收盘*1买,(下跌:连跌补仓0.9 无条件补仓0.8 最大仓位30000)(上升:连跌补仓0.95 无条件补仓0.8 最大仓位30000),(下跌:连涨2天且盈利1.01或止盈1.9卖出或止损0.74或超60天卖出 收盘*0.99卖)(上涨:连涨2天且盈利1或止盈1.3卖出或止损0.78或超60天卖出 收盘*1卖),"function buysell_downup3() {
	if (down>=3 && -cost<maxcost && ref(close1,0) < -cost/sumvol*rebuyrate) buyIt();
	if (up>=3 && ref(close1,0)>-cost/sumvol) sellIt(); 
}",,,
股票池,开始,结束,总盈利,资金积数,折算利率%,测试时间,大势,买入条件,补仓条件,卖出条件,buysell,,,
HS300.txt,20160101,20170604,541285.135,1725000638,11.45327543,20170604 21:00:10,(下跌行情6日均线低于60日均线)(上升行情6日均线高于60日均线),(下跌:连跌3天买入 收盘*1.02买)(上升:连跌5天买入) 收盘*1买,(下跌:连跌补仓0.9 无条件补仓0.8 最大仓位30000)(上升:连跌补仓0.95 无条件补仓0.8 最大仓位30000),(下跌:连涨2天且盈利1.01或止盈1.9卖出或止损0.74或超60天卖出 收盘*0.99卖)(上涨:连涨2天且盈利1或止盈1.3卖出或止损0.78或超60天卖出 收盘*1卖),"function buysell_downup3() {
	if (down>=3 && -cost<maxcost && (sumvol ==0 || ref(close1,0) < -cost/sumvol*rebuyrate) ) buyIt();
	if (up>=3 && sumvol>0 && ref(close1,0)>-cost/sumvol) sellIt(); 
}",,,
股票池,开始,结束,总盈利,资金积数,折算利率%,测试时间,大势,买入条件,补仓条件,卖出条件,buysell,,,
HS300.txt,20160101,20170604,400989.2825,1374188427,10.6507292,20170604 21:20:46,(下跌行情6日均线低于60日均线)(上升行情6日均线高于60日均线),(下跌:连跌3天买入 收盘*1.02买)(上升:连跌5天买入) 收盘*1买,(下跌:连跌补仓0.9 无条件补仓0.8 最大仓位30000)(上升:连跌补仓0.95 无条件补仓0.8 最大仓位30000),(下跌:连涨2天且盈利1.01或止盈1.9卖出或止损0.74或超60天卖出 收盘*0.99卖)(上涨:连涨2天且盈利1或止盈1.3卖出或止损0.78或超60天卖出 收盘*1卖),"function buysell_downup3() {
	if (down>=3 && -cost<maxcost && (sumvol ==0 || ref(close1,0) < -cost/sumvol*rebuyrate) ) buyIt();
	if (up>=2 && sumvol>0 && ref(close1,0)>-cost/sumvol) sellIt(); 
}",,,
股票池,开始,结束,总盈利,资金积数,折算利率%,测试时间,大势,买入条件,补仓条件,卖出条件,buysell,,,
HS300.txt,20160101,20170604,212193.1138,1074982868,7.204811239,20170604 21:22:13,(下跌行情6日均线低于60日均线)(上升行情6日均线高于60日均线),(下跌:连跌3天买入 收盘*1.02买)(上升:连跌5天买入) 收盘*1买,(下跌:连跌补仓0.9 无条件补仓0.8 最大仓位30000)(上升:连跌补仓0.95 无条件补仓0.8 最大仓位30000),(下跌:连涨2天且盈利1.01或止盈1.9卖出或止损0.74或超60天卖出 收盘*0.99卖)(上涨:连涨2天且盈利1或止盈1.3卖出或止损0.78或超60天卖出 收盘*1卖),"function buysell_downup3() {
	if (down>=4 && -cost<maxcost && (sumvol ==0 || ref(close1,0) < -cost/sumvol*rebuyrate) ) buyIt();
	if (up>=3 && sumvol>0 && ref(close1,0)>-cost/sumvol) sellIt(); 
}",,,
股票池,开始,结束,总盈利,资金积数,折算利率%,测试时间,大势,买入条件,补仓条件,卖出条件,buysell,,,
HS300.txt,20160101,20170604,88660.345,815065595.9,3.97035847,20170604 21:23:34,(下跌行情6日均线低于60日均线)(上升行情6日均线高于60日均线),(下跌:连跌3天买入 收盘*1.02买)(上升:连跌5天买入) 收盘*1买,(下跌:连跌补仓0.9 无条件补仓0.8 最大仓位30000)(上升:连跌补仓0.95 无条件补仓0.8 最大仓位30000),(下跌:连涨2天且盈利1.01或止盈1.9卖出或止损0.74或超60天卖出 收盘*0.99卖)(上涨:连涨2天且盈利1或止盈1.3卖出或止损0.78或超60天卖出 收盘*1卖),"function buysell_downup3() {
	if (down>=4 && -cost<maxcost && (sumvol ==0 || ref(close1,0) < -cost/sumvol*rebuyrate) ) buyIt();
	if (up>=2 && sumvol>0 && ref(close1,0)>-cost/sumvol) sellIt(); 
}",,,
股票池,开始,结束,总盈利,资金积数,折算利率%,测试时间,大势,买入条件,补仓条件,卖出条件,buysell,,,
HS300.txt,20160101,20170604,68907.81375,507464621.7,4.956276939,20170604 21:24:39,(下跌行情6日均线低于60日均线)(上升行情6日均线高于60日均线),(下跌:连跌3天买入 收盘*1.02买)(上升:连跌5天买入) 收盘*1买,(下跌:连跌补仓0.9 无条件补仓0.8 最大仓位30000)(上升:连跌补仓0.95 无条件补仓0.8 最大仓位30000),(下跌:连涨2天且盈利1.01或止盈1.9卖出或止损0.74或超60天卖出 收盘*0.99卖)(上涨:连涨2天且盈利1或止盈1.3卖出或止损0.78或超60天卖出 收盘*1卖),"function buysell_downup3() {
	if (down>=5 && -cost<maxcost && (sumvol ==0 || ref(close1,0) < -cost/sumvol*rebuyrate) ) buyIt();
	if (up>=3 && sumvol>0 && ref(close1,0)>-cost/sumvol) sellIt(); 
}",,,
股票池,开始,结束,总盈利,资金积数,折算利率%,测试时间,大势,买入条件,补仓条件,卖出条件,buysell,,,
HS300.txt,20160101,20170604,68907.81375,507464621.7,4.956276939,20170604 21:27:26,(下跌行情6日均线低于60日均线)(上升行情6日均线高于60日均线),(下跌:连跌3天买入 收盘*1.02买)(上升:连跌5天买入) 收盘*1买,(下跌:连跌补仓0.9 无条件补仓0.8 最大仓位30000)(上升:连跌补仓0.95 无条件补仓0.8 最大仓位30000),(下跌:连涨2天且盈利1.01或止盈1.9卖出或止损0.74或超60天卖出 收盘*0.99卖)(上涨:连涨2天且盈利1或止盈1.3卖出或止损0.78或超60天卖出 收盘*1卖),"function buysell_downup3() {
	if (down>=5 && -cost<maxcost && (sumvol ==0 || ref(close1,0) < -cost/sumvol*rebuyrate) ) buyIt();
	if (up>=3 && sumvol>0 && ref(close1,0)>-cost/sumvol) sellIt(); 
}",,,
股票池,开始,结束,总盈利,资金积数,折算利率%,测试时间,大势,买入条件,补仓条件,卖出条件,buysell,,,
HS300.txt,20160101,20170604,446588.9788,1846919422,8.825776332,20170604 21:28:22,(下跌行情6日均线低于60日均线)(上升行情6日均线高于60日均线),(下跌:连跌3天买入 收盘*1.02买)(上升:连跌5天买入) 收盘*1买,(下跌:连跌补仓0.9 无条件补仓0.8 最大仓位30000)(上升:连跌补仓0.95 无条件补仓0.8 最大仓位30000),(下跌:连涨2天且盈利1.01或止盈1.9卖出或止损0.74或超60天卖出 收盘*0.99卖)(上涨:连涨2天且盈利1或止盈1.3卖出或止损0.78或超60天卖出 收盘*1卖),"function buysell_crossup() {
	if (crossdown>=3 && -cost<maxcost && (sumvol ==0 || ref(close1,0) < -cost/sumvol*rebuyrate) ) buyIt();
	if (crossup>=3 && sumvol>0 && ref(close1,0)>-cost/sumvol) sellIt(); 
}",,,
股票池,开始,结束,总盈利,资金积数,折算利率%,测试时间,大势,买入条件,补仓条件,卖出条件,buysell
HS300.txt,20160101,20170604,412345.89749999984,1645293904.7574978,9.147681891502738,20170604 21:31:54,(下跌行情6日均线低于60日均线)(上升行情6日均线高于60日均线),(下跌:连跌3天买入 收盘*1.02买)(上升:连跌5天买入) 收盘*1买,(下跌:连跌补仓0.9 无条件补仓0.8 最大仓位30000)(上升:连跌补仓0.95 无条件补仓0.8 最大仓位30000),(下跌:连涨2天且盈利1.01或止盈1.9卖出或止损0.74或超60天卖出 收盘*0.99卖)(上涨:连涨2天且盈利1或止盈1.3卖出或止损0.78或超60天卖出 收盘*1卖),"function buysell_crossup() {
	if (crossdown>=3 && -cost<maxcost && (sumvol ==0 || ref(close1,0) < -cost/sumvol*rebuyrate) ) buyIt();
	if (up>=3 && sumvol>0 && ref(close1,0)>-cost/sumvol) sellIt(); 
}"
股票池,开始,结束,总盈利,资金积数,折算利率%,测试时间,大势,买入条件,补仓条件,卖出条件,buysell
HS300.txt,20160101,20170604,159971.53625000003,966570941.2125006,6.040902766847515,20170604 21:33:26,(下跌行情6日均线低于60日均线)(上升行情6日均线高于60日均线),(下跌:连跌3天买入 收盘*1.02买)(上升:连跌5天买入) 收盘*1买,(下跌:连跌补仓0.9 无条件补仓0.8 最大仓位30000)(上升:连跌补仓0.95 无条件补仓0.8 最大仓位30000),(下跌:连涨2天且盈利1.01或止盈1.9卖出或止损0.74或超60天卖出 收盘*0.99卖)(上涨:连涨2天且盈利1或止盈1.3卖出或止损0.78或超60天卖出 收盘*1卖),"function buysell_crossup() {
	if (crossdown>=4 && -cost<maxcost && (sumvol ==0 || ref(close1,0) < -cost/sumvol*rebuyrate) ) buyIt();
	if (up>=3 && sumvol>0 && ref(close1,0)>-cost/sumvol) sellIt(); 
}"
股票池,开始,结束,总盈利,资金积数,折算利率%,测试时间,大势,买入条件,补仓条件,卖出条件,buysell
HS300.txt,20170101,20170604,-113065.99624999997,193137979.42000002,-21.367671317253332,20170604 21:39:15,(下跌行情6日均线低于60日均线)(上升行情6日均线高于60日均线),(下跌:连跌3天买入 收盘*1.02买)(上升:连跌5天买入) 收盘*1买,(下跌:连跌补仓0.9 无条件补仓0.8 最大仓位30000)(上升:连跌补仓0.95 无条件补仓0.8 最大仓位30000),(下跌:连涨2天且盈利1.01或止盈1.9卖出或止损0.74或超60天卖出 收盘*0.99卖)(上涨:连涨2天且盈利1或止盈1.3卖出或止损0.78或超60天卖出 收盘*1卖),"function buysell_crossup() {
	if (crossdown>=4 && -cost<maxcost && (sumvol ==0 || ref(close1,0) < -cost/sumvol*rebuyrate) ) buyIt();
	if (up>=3 && sumvol>0 && ref(close1,0)>-cost/sumvol) sellIt(); 
}"
股票池,开始,结束,总盈利,资金积数,折算利率%,测试时间,大势,买入条件,补仓条件,卖出条件,buysell
HS300.txt,20170101,20170604,-153192.8462500001,190791397.47375002,-29.30708072880651,20170604 21:41:39,(下跌行情6日均线低于60日均线)(上升行情6日均线高于60日均线),(下跌:连跌3天买入 收盘*1.02买)(上升:连跌5天买入) 收盘*1买,(下跌:连跌补仓0.9 无条件补仓0.8 最大仓位30000)(上升:连跌补仓0.95 无条件补仓0.8 最大仓位30000),(下跌:连涨2天且盈利1.01或止盈1.9卖出或止损0.74或超60天卖出 收盘*0.99卖)(上涨:连涨2天且盈利1或止盈1.3卖出或止损0.78或超60天卖出 收盘*1卖),"function buysell1() {
			if (MA(close1,ma1) <= MA(close1,ma2)) { //下跌行情
				if ( sumvol>0 && ( ref(close1,0)*sumvol > -cost * minprofit || datediff(ref(date1,0),datebak) > maxdays ) ) { //卖出
					if (sell()) sellIt()
				}
				if ( sumvol>0 && (ref(close1,0)*sumvol > -cost * maxprofit || ref(close1,0)*sumvol < -cost * maxlost)) {  // 超过止盈或止损价全卖
					sellprice=ref(close1,0)*sellPriceRate
					sellvol=sumvol
				}
				
				if (-cost < maxcost && (sumvol==0 || -cost/sumvol*rebuyrate>ref(close1,0)))
					if(buy()) buyIt()
				if (-cost < maxcost && (sumvol>0 && -cost/sumvol *suprebuyrate>ref(close1,0)) ) { // 超跌无条件补仓买入
					buyprice=ref(close1,0)*buyPriceRate
					buyvol = Math.round(maxbuyamount/buyprice/100) * 100;
				}
			} else if (MA(close1,uma1) > MA(close1,uma2) ) { //上涨行情 取消条件&& MA(close1,uma3) > MA(close1,uma4)
				if ( sumvol>0 && ( ref(close1,0)*sumvol > -cost * uminprofit || datediff(ref(date1,0),datebak) > umaxdays ))
					if (sell()) {
						sellprice=ref(close1,0)*usellPriceRate
						sellvol=sumvol
					}
				if ( sumvol>0 && ( ref(close1,0)*sumvol > -cost * umaxprofit || ref(close1,0)*sumvol < -cost * umaxlost ) 
					) {  // 超过止盈或止损价全卖
					sellprice=ref(close1,0)*usellPriceRate
					sellvol=sumvol
				}
				if (-cost < umaxcost && (sumvol==0 || -cost/sumvol*urebuyrate>ref(close1,0) ))
				{	if(buy()) {
						buyprice=ref(close1,0)*ubuyPriceRate
						buyvol = Math.round(maxbuyamount/buyprice/100) * 100;
					}
				}	
				if (-cost < umaxcost && (sumvol>0 && -cost/sumvol *usuprebuyrate>ref(close1,0) )) { // 超跌无条件补仓买入
					buyprice=ref(close1,0)*ubuyPriceRate
					buyvol = Math.round(umaxbuyamount/buyprice/100) * 100;
				}
			}
}"
股票池,开始,结束,总盈利,资金积数,折算利率%,测试时间,大势,买入条件,补仓条件,卖出条件,buysell
HS300.txt,20170101,20170604,-184089.09874999986,246277354.5762501,-27.283272211268787,20170604 22:00:15,(下跌行情6日均线低于60日均线)(上升行情6日均线高于60日均线),(下跌:连跌3天买入 收盘*1.02买)(上升:连跌5天买入) 收盘*1买,(下跌:连跌补仓0.9 无条件补仓0.8 最大仓位30000)(上升:连跌补仓0.95 无条件补仓0.8 最大仓位30000),(下跌:连涨2天且盈利1.01或止盈1.9卖出或止损0.74或超60天卖出 收盘*0.99卖)(上涨:连涨2天且盈利1或止盈1.3卖出或止损0.78或超60天卖出 收盘*1卖),"function buysell_KDJ() {
	if ( -cost < maxcost && (sumvol==0 || -cost/sumvol*rebuyrate>ref(close1,0)) ) { //未满仓且低于补仓价
		if (KDJ.J() < 0 ) {
			buyIt();
			//if(ref(date1,0)>=20151231 ) confirm(""buyIt ""+ref(date1,0)+"" price=""+buyprice+"" K=""+KDJ.K()+ "" D=""+KDJ.D()+"" J=""+KDJ.J());
		}
	}
	if ( sumvol>0 && ( ref(close1,0)*sumvol > -cost * minprofit || datediff(ref(date1,0),datebak) > maxdays )) {
		if ( KDJ.J() > 100 ) sellIt();
	}
	//if(ref(date1,0)>20151231 ) confirm(""every ""+ref(date1,0)+"" K=""+KDJ.K()+ "" D=""+KDJ.D()+"" J=""+KDJ.J()+"" cost=""+cost+"" sumvol=""+sumvol+ ""rebuyrate=""+ rebuyrate+"" buyprice=""+buyprice);
}"
股票池,开始,结束,总盈利,资金积数,折算利率%,测试时间,大势,买入条件,补仓条件,卖出条件,buysell
HS300.txt,20160101,20160607,335868.6049999999,251558243.2187499,48.73306446109835,20170607 19:46:55,(下跌行情6日均线低于60日均线)(上升行情6日均线高于60日均线),(下跌:连跌3天买入 收盘*1.02买)(上升:连跌5天买入) 收盘*1买,(下跌:连跌补仓0.9 无条件补仓0.8 最大仓位30000)(上升:连跌补仓0.95 无条件补仓0.8 最大仓位30000),(下跌:连涨2天且盈利1.01或止盈1.9卖出或止损0.74或超60天卖出 收盘*0.99卖)(上涨:连涨2天且盈利1或止盈1.3卖出或止损0.78或超60天卖出 收盘*1卖),"function buysell1() {
			if (MA(close1,ma1) <= MA(close1,ma2)) { //下跌行情
				if ( sumvol>0 && ( ref(close1,0)*sumvol > -cost * minprofit || datediff(ref(date1,0),datebak) > maxdays ) ) { //卖出
					if (sell()) sellIt()
				}
				if ( sumvol>0 && (ref(close1,0)*sumvol > -cost * maxprofit || ref(close1,0)*sumvol < -cost * maxlost)) {  // 超过止盈或止损价全卖
					sellprice=ref(close1,0)*sellPriceRate
					sellvol=sumvol
				}
				
				if (-cost < maxcost && (sumvol==0 || -cost/sumvol*rebuyrate>ref(close1,0)))
					if(buy()) buyIt()
				if (-cost < maxcost && (sumvol>0 && -cost/sumvol *suprebuyrate>ref(close1,0)) ) { // 超跌无条件补仓买入
					buyprice=ref(close1,0)*buyPriceRate
					buyvol = Math.round(maxbuyamount/buyprice/100) * 100;
				}
			} else if (MA(close1,uma1) > MA(close1,uma2) ) { //上涨行情 取消条件&& MA(close1,uma3) > MA(close1,uma4)
				if ( sumvol>0 && ( ref(close1,0)*sumvol > -cost * uminprofit || datediff(ref(date1,0),datebak) > umaxdays ))
					if (sell()) {
						sellprice=ref(close1,0)*usellPriceRate
						sellvol=sumvol
					}
				if ( sumvol>0 && ( ref(close1,0)*sumvol > -cost * umaxprofit || ref(close1,0)*sumvol < -cost * umaxlost ) 
					) {  // 超过止盈或止损价全卖
					sellprice=ref(close1,0)*usellPriceRate
					sellvol=sumvol
				}
				if (-cost < umaxcost && (sumvol==0 || -cost/sumvol*urebuyrate>ref(close1,0) ))
				{	if(buy()) {
						buyprice=ref(close1,0)*ubuyPriceRate
						buyvol = Math.round(maxbuyamount/buyprice/100) * 100;
					}
				}	
				if (-cost < umaxcost && (sumvol>0 && -cost/sumvol *usuprebuyrate>ref(close1,0) )) { // 超跌无条件补仓买入
					buyprice=ref(close1,0)*ubuyPriceRate
					buyvol = Math.round(umaxbuyamount/buyprice/100) * 100;
				}
			}
}"
股票池,开始,结束,总盈利,资金积数,折算利率%,测试时间,大势,买入条件,补仓条件,卖出条件,buysell
HS300.txt,20170101,20170607,-96072.10875000004,228156305.33624995,-15.369428270706928,20170607 19:48:14,(下跌行情6日均线低于60日均线)(上升行情6日均线高于60日均线),(下跌:连跌3天买入 收盘*1.02买)(上升:连跌5天买入) 收盘*1买,(下跌:连跌补仓0.9 无条件补仓0.8 最大仓位30000)(上升:连跌补仓0.95 无条件补仓0.8 最大仓位30000),(下跌:连涨2天且盈利1.01或止盈1.9卖出或止损0.74或超60天卖出 收盘*0.99卖)(上涨:连涨2天且盈利1或止盈1.3卖出或止损0.78或超60天卖出 收盘*1卖),"function buysell1() {
			if (MA(close1,ma1) <= MA(close1,ma2)) { //下跌行情
				if ( sumvol>0 && ( ref(close1,0)*sumvol > -cost * minprofit || datediff(ref(date1,0),datebak) > maxdays ) ) { //卖出
					if (sell()) sellIt()
				}
				if ( sumvol>0 && (ref(close1,0)*sumvol > -cost * maxprofit || ref(close1,0)*sumvol < -cost * maxlost)) {  // 超过止盈或止损价全卖
					sellprice=ref(close1,0)*sellPriceRate
					sellvol=sumvol
				}
				
				if (-cost < maxcost && (sumvol==0 || -cost/sumvol*rebuyrate>ref(close1,0)))
					if(buy()) buyIt()
				if (-cost < maxcost && (sumvol>0 && -cost/sumvol *suprebuyrate>ref(close1,0)) ) { // 超跌无条件补仓买入
					buyprice=ref(close1,0)*buyPriceRate
					buyvol = Math.round(maxbuyamount/buyprice/100) * 100;
				}
			} else if (MA(close1,uma1) > MA(close1,uma2) ) { //上涨行情 取消条件&& MA(close1,uma3) > MA(close1,uma4)
				if ( sumvol>0 && ( ref(close1,0)*sumvol > -cost * uminprofit || datediff(ref(date1,0),datebak) > umaxdays ))
					if (sell()) {
						sellprice=ref(close1,0)*usellPriceRate
						sellvol=sumvol
					}
				if ( sumvol>0 && ( ref(close1,0)*sumvol > -cost * umaxprofit || ref(close1,0)*sumvol < -cost * umaxlost ) 
					) {  // 超过止盈或止损价全卖
					sellprice=ref(close1,0)*usellPriceRate
					sellvol=sumvol
				}
				if (-cost < umaxcost && (sumvol==0 || -cost/sumvol*urebuyrate>ref(close1,0) ))
				{	if(buy()) {
						buyprice=ref(close1,0)*ubuyPriceRate
						buyvol = Math.round(maxbuyamount/buyprice/100) * 100;
					}
				}	
				if (-cost < umaxcost && (sumvol>0 && -cost/sumvol *usuprebuyrate>ref(close1,0) )) { // 超跌无条件补仓买入
					buyprice=ref(close1,0)*ubuyPriceRate
					buyvol = Math.round(umaxbuyamount/buyprice/100) * 100;
				}
			}
}"
股票池,开始,结束,总盈利,资金积数,折算利率%,测试时间,大势,买入条件,补仓条件,卖出条件,buysell
HS300.txt,20160101,20170607,366244.1487499998,743505444.5037496,17.97957436383988,20170607 23:32:48,(下跌行情6日均线低于60日均线)(上升行情6日均线高于60日均线),(下跌:连跌3天买入 收盘*1.02买)(上升:连跌5天买入) 收盘*1买,(下跌:连跌补仓0.9 无条件补仓0.8 最大仓位30000)(上升:连跌补仓0.95 无条件补仓0.8 最大仓位30000),(下跌:连涨2天且盈利1.01或止盈1.9卖出或止损0.74或超60天卖出 收盘*0.99卖)(上涨:连涨2天且盈利1或止盈1.3卖出或止损0.78或超60天卖出 收盘*1卖),"function buysell1() {
			if (MA(close1,ma1) <= MA(close1,ma2)) { //下跌行情
				if ( sumvol>0 && ( ref(close1,0)*sumvol > -cost * minprofit || datediff(ref(date1,0),datebak) > maxdays ) ) { //卖出
					if (sell()) sellIt()
				}
				if ( sumvol>0 && (ref(close1,0)*sumvol > -cost * maxprofit || ref(close1,0)*sumvol < -cost * maxlost)) {  // 超过止盈或止损价全卖
					sellprice=ref(close1,0)*sellPriceRate
					sellvol=sumvol
				}
				
				if (-cost < maxcost && (sumvol==0 || -cost/sumvol*rebuyrate>ref(close1,0)))
					if(buy()) buyIt()
				if (-cost < maxcost && (sumvol>0 && -cost/sumvol *suprebuyrate>ref(close1,0)) ) { // 超跌无条件补仓买入
					buyprice=ref(close1,0)*buyPriceRate
					buyvol = Math.round(maxbuyamount/buyprice/100) * 100;
				}
			} else if (MA(close1,uma1) > MA(close1,uma2) ) { //上涨行情 取消条件&& MA(close1,uma3) > MA(close1,uma4)
				if ( sumvol>0 && ( ref(close1,0)*sumvol > -cost * uminprofit || datediff(ref(date1,0),datebak) > umaxdays ))
					if (sell()) {
						sellprice=ref(close1,0)*usellPriceRate
						sellvol=sumvol
					}
				if ( sumvol>0 && ( ref(close1,0)*sumvol > -cost * umaxprofit || ref(close1,0)*sumvol < -cost * umaxlost ) 
					) {  // 超过止盈或止损价全卖
					sellprice=ref(close1,0)*usellPriceRate
					sellvol=sumvol
				}
				if (-cost < umaxcost && (sumvol==0 || -cost/sumvol*urebuyrate>ref(close1,0) ))
				{	if(buy()) {
						buyprice=ref(close1,0)*ubuyPriceRate
						buyvol = Math.round(maxbuyamount/buyprice/100) * 100;
					}
				}	
				if (-cost < umaxcost && (sumvol>0 && -cost/sumvol *usuprebuyrate>ref(close1,0) )) { // 超跌无条件补仓买入
					buyprice=ref(close1,0)*ubuyPriceRate
					buyvol = Math.round(umaxbuyamount/buyprice/100) * 100;
				}
			}
}"
股票池,开始,结束,总盈利,资金积数,折算利率%,测试时间,大势,买入条件,补仓条件,卖出条件,buysell
HS300.txt,20160101,20170607,27740.765000000032,1562314352.4237506,0.6481012741956607,20170607 23:34:46,(下跌行情6日均线低于60日均线)(上升行情6日均线高于60日均线),(下跌:连跌3天买入 收盘*1.02买)(上升:连跌5天买入) 收盘*1买,(下跌:连跌补仓0.9 无条件补仓0.8 最大仓位30000)(上升:连跌补仓0.95 无条件补仓0.8 最大仓位30000),(下跌:连涨2天且盈利1.01或止盈1.9卖出或止损0.74或超60天卖出 收盘*0.99卖)(上涨:连涨2天且盈利1或止盈1.3卖出或止损0.78或超60天卖出 收盘*1卖),"function buysell_KDJ() {
	if ( -cost < maxcost && (sumvol==0 || -cost/sumvol*rebuyrate>ref(close1,0)) ) { //未满仓且低于补仓价
		if (KDJ.J() < 0 ) {
			buyIt();
			//if(ref(date1,0)>=20151231 ) confirm(""buyIt ""+ref(date1,0)+"" price=""+buyprice+"" K=""+KDJ.K()+ "" D=""+KDJ.D()+"" J=""+KDJ.J());
		}
	}
	if ( sumvol>0 && ( ref(close1,0)*sumvol > -cost * minprofit || datediff(ref(date1,0),datebak) > maxdays )) {
		if ( KDJ.J() > 100 ) sellIt();
	}
	//if(ref(date1,0)>20151231 ) confirm(""every ""+ref(date1,0)+"" K=""+KDJ.K()+ "" D=""+KDJ.D()+"" J=""+KDJ.J()+"" cost=""+cost+"" sumvol=""+sumvol+ ""rebuyrate=""+ rebuyrate+"" buyprice=""+buyprice);
}"
股票池,开始,结束,总盈利,资金积数,折算利率%,测试时间,大势,买入条件,补仓条件,卖出条件,buysell
HS300.txt,20160101,20170607,0,0,NaN,20170607 23:43:24,(下跌行情6日均线低于60日均线)(上升行情6日均线高于60日均线),(下跌:连跌3天买入 收盘*1.02买)(上升:连跌5天买入) 收盘*1买,(下跌:连跌补仓0.9 无条件补仓0.8 最大仓位30000)(上升:连跌补仓0.95 无条件补仓0.8 最大仓位30000),(下跌:连涨2天且盈利1.01或止盈1.9卖出或止损0.74或超60天卖出 收盘*0.99卖)(上涨:连涨2天且盈利1或止盈1.3卖出或止损0.78或超60天卖出 收盘*1卖),"function buysell_downup() {
	buy=downnday2buy	//买入策略
	sell=upnday2sell	//卖出策略
}"
股票池,开始,结束,总盈利,资金积数,折算利率%,测试时间,大势,买入条件,补仓条件,卖出条件,buysell
HS300.txt,20160101,20170608,366244.1487499998,743505444.5037496,17.97957436383988,20170608 8:36:13,(下跌行情6日均线低于60日均线)(上升行情6日均线高于60日均线),(下跌:连跌3天买入 收盘*1.02买)(上升:连跌5天买入) 收盘*1买,(下跌:连跌补仓0.9 无条件补仓0.8 最大仓位30000)(上升:连跌补仓0.95 无条件补仓0.8 最大仓位30000),(下跌:连涨2天且盈利1.01或止盈1.9卖出或止损0.74或超60天卖出 收盘*0.99卖)(上涨:连涨2天且盈利1或止盈1.3卖出或止损0.78或超60天卖出 收盘*1卖),"function buysell1() {
			if (MA(close1,ma1) <= MA(close1,ma2)) { //下跌行情
				if ( sumvol>0 && ( ref(close1,0)*sumvol > -cost * minprofit || datediff(ref(date1,0),datebak) > maxdays ) ) { //卖出
					if (sell()) sellIt()
				}
				if ( sumvol>0 && (ref(close1,0)*sumvol > -cost * maxprofit || ref(close1,0)*sumvol < -cost * maxlost)) {  // 超过止盈或止损价全卖
					sellprice=ref(close1,0)*sellPriceRate
					sellvol=sumvol
				}
				
				if (-cost < maxcost && (sumvol==0 || -cost/sumvol*rebuyrate>ref(close1,0)))
					if(buy()) buyIt()
				if (-cost < maxcost && (sumvol>0 && -cost/sumvol *suprebuyrate>ref(close1,0)) ) { // 超跌无条件补仓买入
					buyprice=ref(close1,0)*buyPriceRate
					buyvol = Math.round(maxbuyamount/buyprice/100) * 100;
				}
			} else if (MA(close1,uma1) > MA(close1,uma2) ) { //上涨行情 取消条件&& MA(close1,uma3) > MA(close1,uma4)
				if ( sumvol>0 && ( ref(close1,0)*sumvol > -cost * uminprofit || datediff(ref(date1,0),datebak) > umaxdays ))
					if (sell()) {
						sellprice=ref(close1,0)*usellPriceRate
						sellvol=sumvol
					}
				if ( sumvol>0 && ( ref(close1,0)*sumvol > -cost * umaxprofit || ref(close1,0)*sumvol < -cost * umaxlost ) 
					) {  // 超过止盈或止损价全卖
					sellprice=ref(close1,0)*usellPriceRate
					sellvol=sumvol
				}
				if (-cost < umaxcost && (sumvol==0 || -cost/sumvol*urebuyrate>ref(close1,0) ))
				{	if(buy()) {
						buyprice=ref(close1,0)*ubuyPriceRate
						buyvol = Math.round(maxbuyamount/buyprice/100) * 100;
					}
				}	
				if (-cost < umaxcost && (sumvol>0 && -cost/sumvol *usuprebuyrate>ref(close1,0) )) { // 超跌无条件补仓买入
					buyprice=ref(close1,0)*ubuyPriceRate
					buyvol = Math.round(umaxbuyamount/buyprice/100) * 100;
				}
			}
}"
股票池,开始,结束,总盈利,资金积数,折算利率%,测试时间,大势,买入条件,补仓条件,卖出条件,buysell
HS300.txt,20160101,20170608,366244.1487499998,743505444.5037496,17.97957436383988,20170608 12:02:51,(下跌行情6日均线低于60日均线)(上升行情6日均线高于60日均线),(下跌:连跌3天买入 收盘*1.02买)(上升:连跌5天买入) 收盘*1买,(下跌:连跌补仓0.9 无条件补仓0.8 最大仓位30000)(上升:连跌补仓0.95 无条件补仓0.8 最大仓位30000),(下跌:连涨2天且盈利1.01或止盈1.9卖出或止损0.74或超60天卖出 收盘*0.99卖)(上涨:连涨2天且盈利1或止盈1.3卖出或止损0.78或超60天卖出 收盘*1卖),"function buysell1() {
			if (MA(close1,ma1) <= MA(close1,ma2)) { //下跌行情
				if ( sumvol>0 && ( ref(close1,0)*sumvol > -cost * minprofit || datediff(ref(date1,0),datebak) > maxdays ) ) { //卖出
					if (sell()) sellIt()
				}
				if ( sumvol>0 && (ref(close1,0)*sumvol > -cost * maxprofit || ref(close1,0)*sumvol < -cost * maxlost)) {  // 超过止盈或止损价全卖
					sellprice=ref(close1,0)*sellPriceRate
					sellvol=sumvol
				}
				
				if (-cost < maxcost && (sumvol==0 || -cost/sumvol*rebuyrate>ref(close1,0)))
					if(buy()) buyIt()
				if (-cost < maxcost && (sumvol>0 && -cost/sumvol *suprebuyrate>ref(close1,0)) ) { // 超跌无条件补仓买入
					buyprice=ref(close1,0)*buyPriceRate
					buyvol = Math.round(maxbuyamount/buyprice/100) * 100;
				}
			} else if (MA(close1,uma1) > MA(close1,uma2) ) { //上涨行情 取消条件&& MA(close1,uma3) > MA(close1,uma4)
				if ( sumvol>0 && ( ref(close1,0)*sumvol > -cost * uminprofit || datediff(ref(date1,0),datebak) > umaxdays ))
					if (sell()) {
						sellprice=ref(close1,0)*usellPriceRate
						sellvol=sumvol
					}
				if ( sumvol>0 && ( ref(close1,0)*sumvol > -cost * umaxprofit || ref(close1,0)*sumvol < -cost * umaxlost ) 
					) {  // 超过止盈或止损价全卖
					sellprice=ref(close1,0)*usellPriceRate
					sellvol=sumvol
				}
				if (-cost < umaxcost && (sumvol==0 || -cost/sumvol*urebuyrate>ref(close1,0) ))
				{	if(buy()) {
						buyprice=ref(close1,0)*ubuyPriceRate
						buyvol = Math.round(maxbuyamount/buyprice/100) * 100;
					}
				}	
				if (-cost < umaxcost && (sumvol>0 && -cost/sumvol *usuprebuyrate>ref(close1,0) )) { // 超跌无条件补仓买入
					buyprice=ref(close1,0)*ubuyPriceRate
					buyvol = Math.round(umaxbuyamount/buyprice/100) * 100;
				}
			}
}"
股票池,开始,结束,总盈利,资金积数,折算利率%,测试时间,大势,买入条件,补仓条件,卖出条件,buysell
HS300.txt,20160101,20170608,366244.1487499998,743505444.5037496,17.97957436383988,20170608 23:15:46,(下跌行情6日均线低于60日均线)(上升行情6日均线高于60日均线),(下跌:连跌3天买入 收盘*1.02买)(上升:连跌5天买入) 收盘*1买,(下跌:连跌补仓0.9 无条件补仓0.8 最大仓位30000)(上升:连跌补仓0.95 无条件补仓0.8 最大仓位30000),(下跌:连涨2天且盈利1.01或止盈1.9卖出或止损0.74或超60天卖出 收盘*0.99卖)(上涨:连涨2天且盈利1或止盈1.3卖出或止损0.78或超60天卖出 收盘*1卖),"function buysell1() {
			if (MA(close1,ma1) <= MA(close1,ma2)) { //下跌行情
				if ( sumvol>0 && ( ref(close1,0)*sumvol > -cost * minprofit || datediff(ref(date1,0),datebak) > maxdays ) ) { //卖出
					if (sell()) sellIt()
				}
				if ( sumvol>0 && (ref(close1,0)*sumvol > -cost * maxprofit || ref(close1,0)*sumvol < -cost * maxlost)) {  // 超过止盈或止损价全卖
					sellprice=ref(close1,0)*sellPriceRate
					sellvol=sumvol
				}
				
				if (-cost < maxcost && (sumvol==0 || -cost/sumvol*rebuyrate>ref(close1,0)))
					if(buy()) buyIt()
				if (-cost < maxcost && (sumvol>0 && -cost/sumvol *suprebuyrate>ref(close1,0)) ) { // 超跌无条件补仓买入
					buyprice=ref(close1,0)*buyPriceRate
					buyvol = Math.round(maxbuyamount/buyprice/100) * 100;
				}
			} else if (MA(close1,uma1) > MA(close1,uma2) ) { //上涨行情 取消条件&& MA(close1,uma3) > MA(close1,uma4)
				if ( sumvol>0 && ( ref(close1,0)*sumvol > -cost * uminprofit || datediff(ref(date1,0),datebak) > umaxdays ))
					if (sell()) {
						sellprice=ref(close1,0)*usellPriceRate
						sellvol=sumvol
					}
				if ( sumvol>0 && ( ref(close1,0)*sumvol > -cost * umaxprofit || ref(close1,0)*sumvol < -cost * umaxlost ) 
					) {  // 超过止盈或止损价全卖
					sellprice=ref(close1,0)*usellPriceRate
					sellvol=sumvol
				}
				if (-cost < umaxcost && (sumvol==0 || -cost/sumvol*urebuyrate>ref(close1,0) ))
				{	if(buy()) {
						buyprice=ref(close1,0)*ubuyPriceRate
						buyvol = Math.round(maxbuyamount/buyprice/100) * 100;
					}
				}	
				if (-cost < umaxcost && (sumvol>0 && -cost/sumvol *usuprebuyrate>ref(close1,0) )) { // 超跌无条件补仓买入
					buyprice=ref(close1,0)*ubuyPriceRate
					buyvol = Math.round(umaxbuyamount/buyprice/100) * 100;
				}
			}
}"
股票池,开始,结束,总盈利,资金积数,折算利率%,测试时间,大势,买入条件,补仓条件,卖出条件,buysell
HS300.txt,20160101,20170608,366244.1487499998,743505444.5037496,17.97957436383988,20170608 23:22:56,(下跌行情6日均线低于60日均线)(上升行情6日均线高于60日均线),(下跌:连跌3天买入 收盘*1.02买)(上升:连跌5天买入) 收盘*1买,(下跌:连跌补仓0.9 无条件补仓0.8 最大仓位30000)(上升:连跌补仓0.95 无条件补仓0.8 最大仓位30000),(下跌:连涨2天且盈利1.01或止盈1.9卖出或止损0.74或超60天卖出 收盘*0.99卖)(上涨:连涨2天且盈利1或止盈1.3卖出或止损0.78或超60天卖出 收盘*1卖),"function buysell1() {
			if (MA(close1,ma1) <= MA(close1,ma2)) { //下跌行情
				if ( sumvol>0 && ( ref(close1,0)*sumvol > -cost * minprofit || datediff(ref(date1,0),datebak) > maxdays ) ) { //卖出
					if (sell()) sellIt()
				}
				if ( sumvol>0 && (ref(close1,0)*sumvol > -cost * maxprofit || ref(close1,0)*sumvol < -cost * maxlost)) {  // 超过止盈或止损价全卖
					sellprice=ref(close1,0)*sellPriceRate
					sellvol=sumvol
				}
				
				if (-cost < maxcost && (sumvol==0 || -cost/sumvol*rebuyrate>ref(close1,0)))
					if(buy()) buyIt()
				if (-cost < maxcost && (sumvol>0 && -cost/sumvol *suprebuyrate>ref(close1,0)) ) { // 超跌无条件补仓买入
					buyprice=ref(close1,0)*buyPriceRate
					buyvol = Math.round(maxbuyamount/buyprice/100) * 100;
				}
			} else if (MA(close1,uma1) > MA(close1,uma2) ) { //上涨行情 取消条件&& MA(close1,uma3) > MA(close1,uma4)
				if ( sumvol>0 && ( ref(close1,0)*sumvol > -cost * uminprofit || datediff(ref(date1,0),datebak) > umaxdays ))
					if (sell()) {
						sellprice=ref(close1,0)*usellPriceRate
						sellvol=sumvol
					}
				if ( sumvol>0 && ( ref(close1,0)*sumvol > -cost * umaxprofit || ref(close1,0)*sumvol < -cost * umaxlost ) 
					) {  // 超过止盈或止损价全卖
					sellprice=ref(close1,0)*usellPriceRate
					sellvol=sumvol
				}
				if (-cost < umaxcost && (sumvol==0 || -cost/sumvol*urebuyrate>ref(close1,0) ))
				{	if(buy()) {
						buyprice=ref(close1,0)*ubuyPriceRate
						buyvol = Math.round(maxbuyamount/buyprice/100) * 100;
					}
				}	
				if (-cost < umaxcost && (sumvol>0 && -cost/sumvol *usuprebuyrate>ref(close1,0) )) { // 超跌无条件补仓买入
					buyprice=ref(close1,0)*ubuyPriceRate
					buyvol = Math.round(umaxbuyamount/buyprice/100) * 100;
				}
			}
}"
股票池,开始,结束,总盈利,资金积数,折算利率%,测试时间,大势,买入条件,补仓条件,卖出条件,buysell
HS300.txt,20160101,20170608,366244.1487499998,743505444.5037496,17.97957436383988,20170608 23:26:43,(下跌行情6日均线低于60日均线)(上升行情6日均线高于60日均线),(下跌:连跌3天买入 收盘*1.02买)(上升:连跌5天买入) 收盘*1买,(下跌:连跌补仓0.9 无条件补仓0.8 最大仓位30000)(上升:连跌补仓0.95 无条件补仓0.8 最大仓位30000),(下跌:连涨2天且盈利1.01或止盈1.9卖出或止损0.74或超60天卖出 收盘*0.99卖)(上涨:连涨2天且盈利1或止盈1.3卖出或止损0.78或超60天卖出 收盘*1卖),"function buysell1() {
			if (MA(close1,ma1) <= MA(close1,ma2)) { //下跌行情
				if ( sumvol>0 && ( ref(close1,0)*sumvol > -cost * minprofit || datediff(ref(date1,0),datebak) > maxdays ) ) { //卖出
					if (sell()) sellIt()
				}
				if ( sumvol>0 && (ref(close1,0)*sumvol > -cost * maxprofit || ref(close1,0)*sumvol < -cost * maxlost)) {  // 超过止盈或止损价全卖
					sellprice=ref(close1,0)*sellPriceRate
					sellvol=sumvol
				}
				
				if (-cost < maxcost && (sumvol==0 || -cost/sumvol*rebuyrate>ref(close1,0)))
					if(buy()) buyIt()
				if (-cost < maxcost && (sumvol>0 && -cost/sumvol *suprebuyrate>ref(close1,0)) ) { // 超跌无条件补仓买入
					buyprice=ref(close1,0)*buyPriceRate
					buyvol = Math.round(maxbuyamount/buyprice/100) * 100;
				}
			} else if (MA(close1,uma1) > MA(close1,uma2) ) { //上涨行情 取消条件&& MA(close1,uma3) > MA(close1,uma4)
				if ( sumvol>0 && ( ref(close1,0)*sumvol > -cost * uminprofit || datediff(ref(date1,0),datebak) > umaxdays ))
					if (sell()) {
						sellprice=ref(close1,0)*usellPriceRate
						sellvol=sumvol
					}
				if ( sumvol>0 && ( ref(close1,0)*sumvol > -cost * umaxprofit || ref(close1,0)*sumvol < -cost * umaxlost ) 
					) {  // 超过止盈或止损价全卖
					sellprice=ref(close1,0)*usellPriceRate
					sellvol=sumvol
				}
				if (-cost < umaxcost && (sumvol==0 || -cost/sumvol*urebuyrate>ref(close1,0) ))
				{	if(buy()) {
						buyprice=ref(close1,0)*ubuyPriceRate
						buyvol = Math.round(maxbuyamount/buyprice/100) * 100;
					}
				}	
				if (-cost < umaxcost && (sumvol>0 && -cost/sumvol *usuprebuyrate>ref(close1,0) )) { // 超跌无条件补仓买入
					buyprice=ref(close1,0)*ubuyPriceRate
					buyvol = Math.round(umaxbuyamount/buyprice/100) * 100;
				}
			}
}"
